DEPTH,DIP,AZIMUTH_NP,AZIMUTH_TOP,DIP_TRUE,AZIMUTH_TRUE,HAZI,DEVI,TYPE
830.5013,12.1,160,160,12.1,160,0,0,Bed Boundary
830.9991,12.1,160,160,12.1,160,0,0,Bed Boundary
831.4995,12.3,160,160,12.3,160,0,0,Bed Boundary
831.9999,12.5,160,160,12.5,160,0,0,Bed Boundary
832.5002,12.8,160,160,12.8,160,0,0,Bed Boundary
833.0006,13.3,160,160,13.3,160,0,0,Bed Boundary
833.501,14.1,160,160,14.1,160,0,0,Bed Boundary
833.9988,15.2,160,160,15.2,160,0,0,Bed Boundary
834.4992,16.8,160,160,16.8,160,0,0,Bed Boundary
834.9996,19,160,160,19,160,0,0,Bed Boundary
835.5,21.7,160,160,21.7,160,0,0,Bed Boundary
836.0004,25.1,160,160,25.1,160,0,0,Bed Boundary
836.5007,29,160,160,29,160,0,0,Bed Boundary
837.0011,33.3,160,160,33.3,160,0,0,Bed Boundary
837.499,37.8,160,160,37.8,160,0,0,Bed Boundary
837.9993,42.2,160,160,42.2,160,0,0,Bed Boundary
838.4997,46.2,160,160,46.2,160,0,0,Bed Boundary
839.0001,49.3,160,160,49.3,160,0,0,Bed Boundary
839.5005,51.3,160,160,51.3,160,0,0,Bed Boundary
840.0009,52,160,160,52,160,0,0,Bed Boundary
840.5012,51.3,160,160,51.3,160,0,0,Bed Boundary
840.9991,49.3,160,160,49.3,160,0,0,Bed Boundary
841.4995,46.2,160,160,46.2,160,0,0,Bed Boundary
841.9998,42.2,160,160,42.2,160,0,0,Bed Boundary
842.5002,37.8,160,160,37.8,160,0,0,Bed Boundary
843.0006,33.3,160,160,33.3,160,0,0,Bed Boundary
843.501,29,160,160,29,160,0,0,Bed Boundary
843.9988,25.1,160,160,25.1,160,0,0,Bed Boundary
844.4992,21.7,160,160,21.7,160,0,0,Bed Boundary
844.9996,19,160,160,19,160,0,0,Bed Boundary
845.4999,16.8,160,160,16.8,160,0,0,Bed Boundary
846.0004,15.2,160,160,15.2,160,0,0,Bed Boundary
846.5007,14.1,160,160,14.1,160,0,0,Bed Boundary
847.0011,13.3,160,160,13.3,160,0,0,Bed Boundary
847.499,12.8,160,160,12.8,160,0,0,Bed Boundary
847.9993,12.5,160,160,12.5,160,0,0,Bed Boundary
848.4997,12.3,160,160,12.3,160,0,0,Bed Boundary
849.0001,12.1,160,160,12.1,160,0,0,Bed Boundary
849.5005,12.1,160,160,12.1,160,0,0,Bed Boundary
893.5009,57.99573,266.0356,325.941,53.9,264,300,5,Bed Boundary
894.0013,56.22655,278.4789,338.3842,51.6,277,300,5,Bed Boundary
894.4991,55.21409,289.7975,349.7028,50.3,289,300,5,Bed Boundary
894.9995,54.99715,301.965,1.87036,50,302,300,5,Bed Boundary
895.4999,55.44049,314.1496,14.05493,50.6,315,300,5,Bed Boundary
920.0007,25,302.4986,0,0,295,300,25,Bed Boundary
920.5011,25,302.4986,0,0,295,300,25,Bed Boundary
920.9989,25,302.4986,0,0,295,300,25,Bed Boundary
921.4993,25,302.4986,0,0,295,300,25,Bed Boundary
921.9997,25,302.4986,0,0,295,300,25,Bed Boundary
922.5001,25,302.4986,0,0,295,300,25,Bed Boundary
923.0004,25,302.4986,0,0,295,300,25,Bed Boundary
923.5008,25,302.4986,0,0,295,300,25,Bed Boundary
924.0012,25,302.4986,0,0,295,300,25,Bed Boundary
924.499,25,302.4986,0,0,295,300,25,Bed Boundary
924.9994,25,302.4986,0,0,295,300,25,Bed Boundary
925.4998,25,302.4986,0,0,295,300,25,Bed Boundary
926.0002,25,302.4986,0,0,295,300,25,Bed Boundary
926.5005,27.59098,302.0095,359.5109,2.6,295,300,25,Bed Boundary
927.0009,28.18911,301.9085,359.4099,3.2,295,300,25,Bed Boundary
927.4988,28.88703,301.7955,359.2969,3.9,295,300,25,Bed Boundary
927.9991,29.68476,301.6723,359.1737,4.7,295,300,25,Bed Boundary
928.4995,30.68207,301.5266,359.028,5.7,295,300,25,Bed Boundary
928.9999,31.77929,301.3758,358.8772,6.8,295,300,25,Bed Boundary
929.5003,33.07622,301.2092,358.7106,8.1,295,300,25,Bed Boundary
930.0007,34.67272,301.0194,358.5208,9.7,295,300,25,Bed Boundary
930.501,36.3693,300.8338,358.3352,11.4,295,300,25,Bed Boundary
930.9989,38.36561,300.6337,358.1351,13.4,295,300,25,Bed Boundary
931.4993,40.56191,300.433,357.9344,15.6,295,300,25,Bed Boundary
931.9996,43.05809,300.2256,357.7271,18.1,295,300,25,Bed Boundary
932.5001,45.85421,300.0152,357.5166,20.9,295,300,25,Bed Boundary
933.0004,48.85044,299.8108,357.3122,23.9,295,300,25,Bed Boundary
933.5008,52.24657,299.6006,357.102,27.3,295,300,25,Bed Boundary
934.0012,55.84283,299.398,356.8994,30.9,295,300,25,Bed Boundary
934.499,59.83905,299.1923,356.6937,34.9,295,300,25,Bed Boundary
934.9994,64.1353,298.9889,356.4903,39.2,295,300,25,Bed Boundary
935.4998,68.63166,298.7913,356.2927,43.7,295,300,25,Bed Boundary
936.0002,73.32809,298.5975,356.0989,48.4,295,300,25,Bed Boundary
936.5005,78.32448,298.4014,355.9028,53.4,295,300,25,Bed Boundary
937.0009,83.52085,298.2048,355.7062,58.6,295,300,25,Bed Boundary
937.4988,88.81724,298.0086,355.51,63.9,295,300,25,Bed Boundary
937.9991,85.78643,117.8094,175.3108,69.3,295,300,25,Bed Boundary
938.4995,80.29022,117.6036,175.1051,74.8,295,300,25,Bed Boundary
938.9999,74.89407,117.3949,174.8963,80.2,295,300,25,Bed Boundary
940.501,59.50648,116.7212,174.2227,84.4,115,300,25,Bed Boundary
940.9989,54.811,116.4757,173.9771,79.7,115,300,25,Bed Boundary
941.4993,50.51563,116.2248,173.7262,75.4,115,300,25,Bed Boundary
941.9996,46.62034,115.9689,173.4704,71.5,115,300,25,Bed Boundary
942.5,43.22498,115.7175,173.2189,68.1,115,300,25,Bed Boundary
943.0004,40.42926,115.4854,172.9868,65.3,115,300,25,Bed Boundary
943.5008,38.13315,115.2739,172.7753,63,115,300,25,Bed Boundary
944.0012,36.4363,115.1032,172.6046,61.3,115,300,25,Bed Boundary
944.499,35.43827,114.9962,172.4976,60.3,115,300,25,Bed Boundary
944.9994,35.13888,114.9631,172.4645,60,115,300,25,Bed Boundary
945.4998,35.43827,114.9962,172.4976,60.3,115,300,25,Bed Boundary
946.0001,36.4363,115.1032,172.6046,61.3,115,300,25,Bed Boundary
946.5005,38.13315,115.2739,172.7753,63,115,300,25,Bed Boundary
947.0009,40.42926,115.4854,172.9868,65.3,115,300,25,Bed Boundary
947.4987,43.22498,115.7175,173.2189,68.1,115,300,25,Bed Boundary
947.9991,46.62034,115.9689,173.4704,71.5,115,300,25,Bed Boundary
948.4995,50.51563,116.2248,173.7262,75.4,115,300,25,Bed Boundary
948.9999,54.811,116.4757,173.9771,79.7,115,300,25,Bed Boundary
949.5002,59.50648,116.7212,174.2227,84.4,115,300,25,Bed Boundary
950.9988,74.89407,117.3949,174.8963,80.2,295,300,25,Bed Boundary
951.4993,80.29022,117.6036,175.1051,74.8,295,300,25,Bed Boundary
951.9996,85.78643,117.8094,175.3108,69.3,295,300,25,Bed Boundary
952.5,88.81724,298.0086,355.51,63.9,295,300,25,Bed Boundary
953.0004,83.52085,298.2048,355.7062,58.6,295,300,25,Bed Boundary
953.5007,78.32448,298.4014,355.9028,53.4,295,300,25,Bed Boundary
954.0012,73.32809,298.5975,356.0989,48.4,295,300,25,Bed Boundary
954.499,68.63166,298.7913,356.2927,43.7,295,300,25,Bed Boundary
954.9994,64.1353,298.9889,356.4903,39.2,295,300,25,Bed Boundary
955.4998,59.83905,299.1923,356.6937,34.9,295,300,25,Bed Boundary
956.0001,55.84283,299.398,356.8994,30.9,295,300,25,Bed Boundary
956.5005,52.24657,299.6006,357.102,27.3,295,300,25,Bed Boundary
957.0009,48.85044,299.8108,357.3122,23.9,295,300,25,Bed Boundary
957.5013,45.85421,300.0152,357.5166,20.9,295,300,25,Bed Boundary
957.9991,43.05809,300.2256,357.7271,18.1,295,300,25,Bed Boundary
958.4995,40.56191,300.433,357.9344,15.6,295,300,25,Bed Boundary
958.9999,38.36561,300.6337,358.1351,13.4,295,300,25,Bed Boundary
959.5002,36.3693,300.8338,358.3352,11.4,295,300,25,Bed Boundary
960.0006,34.67272,301.0194,358.5208,9.7,295,300,25,Bed Boundary
960.501,33.07622,301.2092,358.7106,8.1,295,300,25,Bed Boundary
960.9988,31.77929,301.3758,358.8772,6.8,295,300,25,Bed Boundary
961.4992,30.68207,301.5266,359.028,5.7,295,300,25,Bed Boundary
961.9996,29.68476,301.6723,359.1737,4.7,295,300,25,Bed Boundary
962.5,28.88703,301.7955,359.2969,3.9,295,300,25,Bed Boundary
963.0004,28.18911,301.9085,359.4099,3.2,295,300,25,Bed Boundary
963.5007,27.59098,302.0095,359.5109,2.6,295,300,25,Bed Boundary
964.0011,25,302.4986,0,0,295,300,25,Bed Boundary
964.499,25,302.4986,0,0,295,300,25,Bed Boundary
964.9993,25,302.4986,0,0,295,300,25,Bed Boundary
965.4997,25,302.4986,0,0,295,300,25,Bed Boundary
966.0001,25,302.4986,0,0,295,300,25,Bed Boundary
966.5005,25,302.4986,0,0,295,300,25,Bed Boundary
967.0009,25,302.4986,0,0,295,300,25,Bed Boundary
967.5012,25,302.4986,0,0,295,300,25,Bed Boundary
967.9991,25,302.4986,0,0,295,300,25,Bed Boundary
968.4995,25,302.4986,0,0,295,300,25,Bed Boundary
968.9998,25,302.4986,0,0,295,300,25,Bed Boundary
969.5002,25,302.4986,0,0,295,300,25,Bed Boundary
993.5007,57.99573,266.0356,325.941,53.9,264,300,5,Bed Boundary
994.001,56.22655,278.4789,338.3842,51.6,277,300,5,Bed Boundary
994.4989,55.21409,289.7975,349.7028,50.3,289,300,5,Bed Boundary
994.9993,54.99715,301.965,1.87036,50,302,300,5,Bed Boundary
995.4996,55.44049,314.1496,14.05493,50.6,315,300,5,Bed Boundary
1040.369,6.61873,21.86549,254.864,6.8,17,127,0.6,Bed Boundary
1040.869,6.5191,20.94067,254.9392,6.7,16,126,0.6,Bed Boundary
1041.37,6.59089,27.06735,262.0659,6.7,22,125,0.6,Bed Boundary
1041.87,7.06241,31.82343,268.822,7.1,27,123,0.6,Bed Boundary
1042.871,5.00256,24.55171,261.5507,5.1,19,123,0.5,Bed Boundary
1043.869,4.09725,14.2318,249.2308,4.3,8,125,0.5,Bed Boundary
1044.369,4.95127,21.43207,255.431,5.1,16,126,0.5,Bed Boundary
1044.87,5.52378,18.76505,251.764,5.7,14,127,0.5,Bed Boundary
1045.37,5.79819,15.4303,248.4292,6,11,127,0.5,Bed Boundary
1045.87,5.98953,15.25029,247.2492,6.2,11,128,0.5,Bed Boundary
1046.371,7.21924,19.63625,250.6352,7.4,16,129,0.5,Bed Boundary
1046.871,7.32729,21.60805,251.607,7.5,18,130,0.5,Bed Boundary
1047.369,8.31034,30.35086,261.3498,8.4,27,129,0.5,Bed Boundary
1047.869,6.5126,18.0048,250.0038,6.7,14,128,0.5,Bed Boundary
1048.37,6.2299,19.25107,252.25,6.4,15,127,0.5,Bed Boundary
1048.87,6.26349,23.33723,256.3362,6.4,19,127,0.5,Bed Boundary
1049.37,5.60865,25.96785,261.9669,5.7,21,124,0.5,Bed Boundary
1049.871,7.28213,27.90714,269.9063,7.3,24,118,0.5,Bed Boundary
1050.369,6.27614,22.53444,269.5337,6.3,18,113,0.5,Bed Boundary
1050.869,5.81657,19.80722,262.8063,5.9,15,117,0.5,Bed Boundary
1051.37,5.07632,22.39119,258.3902,5.2,17,124,0.5,Bed Boundary
1051.87,5.17588,25.28668,258.2856,5.3,20,127,0.5,Bed Boundary
1052.37,6.27612,36.44442,270.4429,6.3,31,126,0.6,Bed Boundary
1052.871,6.28177,26.29718,261.2957,6.4,21,125,0.6,Bed Boundary
1053.371,6.28177,27.2972,261.2957,6.4,22,126,0.6,Bed Boundary
1053.869,6.4706,27.1177,260.1162,6.6,22,127,0.6,Bed Boundary
1054.379,6.26113,27.26516,259.2636,6.4,22,128,0.6,Bed Boundary
1054.88,6.14105,25.31196,257.3104,6.3,20,128,0.6,Bed Boundary
1055.38,6.53942,24.98498,256.9835,6.7,20,128,0.6,Bed Boundary
1055.88,6.35475,23.24938,255.2483,6.5,19,128,0.5,Bed Boundary
1056.381,6.1469,22.36734,254.3663,6.3,18,128,0.5,Bed Boundary
1056.879,6.24661,22.29696,254.2959,6.4,18,128,0.5,Bed Boundary
1057.379,6.1106,23.24022,254.2387,6.3,18,129,0.6,Bed Boundary
1057.88,6.10055,22.21284,253.2113,6.3,17,129,0.6,Bed Boundary
1058.38,6.20014,22.12824,253.1267,6.4,17,129,0.6,Bed Boundary
1058.88,6.20014,24.12826,253.1267,6.4,19,131,0.6,Bed Boundary
1059.381,6.22029,27.18071,255.1792,6.4,22,132,0.6,Bed Boundary
1059.881,6.43981,28.06298,257.0614,6.6,23,131,0.6,Bed Boundary
1060.379,7.52594,25.29887,255.2973,7.7,21,130,0.6,Bed Boundary
1060.879,6.91768,24.65288,254.6513,7.1,20,130,0.6,Bed Boundary
1062.38,7.25744,27.53456,258.533,7.4,23,129,0.6,Bed Boundary
1062.881,6.52924,23.96365,255.9621,6.7,19,128,0.6,Bed Boundary
1063.381,6.89759,20.60424,252.6027,7.1,16,128,0.6,Bed Boundary
1063.879,6.59862,22.81532,252.8138,6.8,18,130,0.6,Bed Boundary
1064.379,6.37101,30.19862,260.1971,6.5,25,130,0.6,Bed Boundary
1064.88,6.9894,31.7752,261.7737,7.1,27,130,0.6,Bed Boundary
1065.38,6.69827,23.7429,252.7413,6.9,19,131,0.6,Bed Boundary
1065.88,6.39935,24.96695,252.9654,6.6,20,132,0.6,Bed Boundary
1066.381,5.97114,24.20662,250.205,6.2,19,134,0.6,Bed Boundary
1066.879,5.66262,23.44743,249.4459,5.9,18,134,0.6,Bed Boundary
1067.379,6.18021,25.06903,251.0675,6.4,20,134,0.6,Bed Boundary
1067.88,6.98731,25.51163,251.5101,7.2,21,134,0.6,Bed Boundary
1068.38,6.75842,23.55584,248.5543,7,19,135,0.6,Bed Boundary
1068.88,6.02237,20.93172,244.9301,6.3,16,136,0.6,Bed Boundary
1069.381,5.75241,24.31497,248.3134,6,19,136,0.6,Bed Boundary
1069.881,5.69232,27.55014,252.5486,5.9,22,135,0.6,Bed Boundary
1070.379,5.62303,29.73685,255.7353,5.8,24,134,0.6,Bed Boundary
1070.879,6.30978,29.07312,254.0715,6.5,24,135,0.6,Bed Boundary
1071.38,5.97114,25.20662,250.205,6.2,20,135,0.6,Bed Boundary
1071.88,5.67246,26.48352,250.4819,5.9,21,136,0.6,Bed Boundary
1074.379,4.62917,27.98123,256.9797,4.8,21,131,0.6,Bed Boundary
1074.88,3.8077,5.49892,232.4973,4.2,359,133,0.6,Bed Boundary
1075.38,3.51823,7.15591,234.1543,3.9,0,133,0.6,Bed Boundary
1076.381,4.14242,19.26556,248.264,4.4,12,131,0.6,Bed Boundary
1076.881,4.63882,17.48166,247.4801,4.9,11,130,0.6,Bed Boundary
1077.379,4.90842,13.93587,243.9343,5.2,8,130,0.6,Bed Boundary
1077.88,5.07962,11.53807,240.5365,5.4,6,131,0.6,Bed Boundary
1078.38,5.26071,10.21154,238.21,5.6,5,132,0.6,Bed Boundary
1078.71,5.06158,9.4183,238.4167,5.4,4,131,0.6,Bed Boundary
1079.21,5.19756,13.54074,242.5392,5.5,8,131,0.6,Bed Boundary
1079.721,11.20539,43.03129,272.0297,11.2,40,131,0.6,Bed Boundary
1080.219,11.76269,39.87304,267.8715,11.8,37,132,0.6,Bed Boundary
1080.719,12.24115,37.74721,265.7457,12.3,35,132,0.6,Bed Boundary
1081.22,12.04139,37.7942,265.7927,12.1,35,132,0.6,Bed Boundary
1081.72,13.50261,44.50069,271.4991,13.5,42,133,0.6,Bed Boundary
1082.22,13.81278,45.44281,272.4412,13.8,43,133,0.6,Bed Boundary
1082.721,13.90222,45.42604,271.4245,13.9,43,134,0.6,Bed Boundary
1083.221,13.82324,47.44057,273.439,13.8,45,134,0.6,Bed Boundary
1083.719,14.181,44.37341,269.3718,14.2,42,135,0.6,Bed Boundary
1084.219,13.98119,44.40874,269.4072,14,42,135,0.6,Bed Boundary
1084.73,14.37485,52.33091,278.3293,14.3,50,134,0.6,Bed Boundary
1085.23,13.97521,53.40039,278.3988,13.9,51,135,0.6,Bed Boundary
1085.731,13.43408,49.51295,274.5114,13.4,47,135,0.6,Bed Boundary
1086.231,13.99166,46.40875,270.4072,14,44,136,0.6,Bed Boundary
1086.729,13.86035,44.42455,267.423,13.9,42,137,0.6,Bed Boundary
1087.25,13.86035,44.42455,267.423,13.9,42,137,0.6,Bed Boundary
1088.751,13.8186,41.41118,263.4096,13.9,39,138,0.6,Bed Boundary
1089.261,12.87183,46.62162,268.6201,12.9,44,138,0.6,Bed Boundary
1089.759,12.89278,47.62213,270.6205,12.9,45,137,0.6,Bed Boundary
1090.259,13.3713,45.52024,268.5187,13.4,43,137,0.6,Bed Boundary
1090.76,13.89775,40.38208,261.3805,14,38,139,0.6,Bed Boundary
1091.26,13.4672,39.43269,258.4312,13.6,37,141,0.6,Bed Boundary
1091.771,13.25715,39.46148,257.46,13.4,37,142,0.6,Bed Boundary
1092.271,12.08929,41.74213,260.7406,12.2,39,141,0.6,Bed Boundary
1092.769,10.72233,45.13235,264.1308,10.8,42,141,0.6,Bed Boundary
1093.269,6.48955,9.7324,228.7309,6.9,6,141,0.6,Bed Boundary
1093.77,5.12005,358.8438,218.8423,5.6,355,140,0.6,Bed Boundary
1094.28,4.91787,22.98835,244.9868,5.2,17,138,0.6,Bed Boundary
1094.781,5.44407,22.56789,247.5663,5.7,17,135,0.6,Bed Boundary
1095.281,5.66262,24.44743,249.4459,5.9,19,135,0.6,Bed Boundary
1095.779,5.57293,26.5824,250.5808,5.8,21,136,0.6,Bed Boundary
1096.279,5.68236,28.51776,251.5162,5.9,23,137,0.6,Bed Boundary
1096.78,5.67246,28.48351,250.482,5.9,23,138,0.6,Bed Boundary
1097.28,5.69541,21.0523,242.0507,6,16,139,0.6,Bed Boundary
1097.78,5.28786,20.38255,241.381,5.6,15,139,0.6,Bed Boundary
1099.299,7.30636,30.37368,253.3721,7.5,26,137,0.6,Bed Boundary
1099.8,5.51745,26.47118,249.469,5.8,20,137,0.7,Bed Boundary
1100.3,6.27131,30.91733,253.9152,6.5,25,137,0.7,Bed Boundary
1100.8,6.24327,36.16388,260.1617,6.4,30,136,0.7,Bed Boundary
1101.311,6.40623,31.90637,256.9042,6.6,26,135,0.7,Bed Boundary
1101.809,5.73441,34.68251,259.6804,5.9,28,135,0.7,Bed Boundary
1102.309,5.19961,40.54761,265.5455,5.3,33,135,0.7,Bed Boundary
1103.31,6.0842,30.14373,255.1416,6.3,24,135,0.7,Bed Boundary
1103.821,6.5057,31.815,256.8129,6.7,26,135,0.7,Bed Boundary
1104.321,6.31871,33.02443,258.0223,6.5,27,135,0.7,Bed Boundary
1104.819,6.14386,36.26478,260.2626,6.3,30,136,0.7,Bed Boundary
1105.319,6.31871,35.02442,258.0223,6.5,29,137,0.7,Bed Boundary
1105.819,6.47026,32.73328,253.7312,6.7,27,139,0.7,Bed Boundary
1106.32,6.09603,36.17199,256.1699,6.3,30,140,0.7,Bed Boundary
1106.82,5.98479,37.24688,255.2448,6.2,31,142,0.7,Bed Boundary
1107.321,5.34009,25.22095,242.2189,5.7,19,143,0.7,Bed Boundary
1107.821,5.62768,23.82935,240.8273,6,18,143,0.7,Bed Boundary
1108.319,6.02594,31.97146,249.9694,6.3,26,142,0.7,Bed Boundary
1108.829,5.32933,22.15901,241.1569,5.7,16,141,0.7,Bed Boundary
1109.33,6.64226,13.40057,231.3985,7.1,9,142,0.7,Bed Boundary
1109.83,5.76249,37.39914,253.3971,6,31,144,0.7,Bed Boundary
1110.331,5.86188,39.28942,253.2874,6.1,33,146,0.7,Bed Boundary
1110.831,6.33587,37.72371,250.7218,6.6,32,147,0.7,Bed Boundary
1111.339,6.68857,31.2283,246.2263,7,26,145,0.7,Bed Boundary
1111.839,5.5638,36.63021,253.6281,5.8,30,143,0.7,Bed Boundary
1112.34,5.71045,38.63466,257.6326,5.9,32,141,0.7,Bed Boundary
1112.84,5.973,33.21627,254.2141,6.2,27,139,0.7,Bed Boundary
1113.361,5.99663,36.27547,256.2734,6.2,30,140,0.7,Bed Boundary
1113.861,6.02046,38.32636,258.3242,6.2,32,140,0.7,Bed Boundary
1114.359,4.39786,37.5297,257.5276,4.6,29,140,0.7,Bed Boundary
1114.859,6.21927,36.12186,258.1198,6.4,30,138,0.7,Bed Boundary
1115.36,6.16801,39.29897,262.2968,6.3,33,137,0.7,Bed Boundary
1115.87,5.99355,41.53731,264.5352,6.1,35,137,0.7,Bed Boundary
1116.371,8.17512,31.55469,253.5526,8.4,27,138,0.7,Bed Boundary
1116.871,6.57783,41.92692,262.9248,6.7,36,139,0.7,Bed Boundary
1117.369,6.44214,39.97136,259.9692,6.6,34,140,0.7,Bed Boundary
1117.869,6.82807,38.60064,258.5985,7,33,140,0.7,Bed Boundary
1118.38,6.81612,38.57962,257.5775,7,33,141,0.7,Bed Boundary
1118.88,7.57414,25.56429,244.5622,7.9,21,141,0.7,Bed Boundary
1119.38,5.82205,35.53882,255.5373,6,30,140,0.6,Bed Boundary
1119.881,5.85198,29.22363,248.2221,6.1,24,141,0.6,Bed Boundary
1120.379,6.77805,32.61724,250.6157,7,28,142,0.6,Bed Boundary
1120.879,7.90472,35.03827,253.0367,8.1,31,142,0.6,Bed Boundary
1121.38,6.07073,33.12029,250.1188,6.3,28,143,0.6,Bed Boundary
1121.88,6.08061,35.15284,251.1514,6.3,30,144,0.6,Bed Boundary
1122.38,6.13086,40.28974,256.2882,6.3,35,144,0.6,Bed Boundary
1122.901,6.34744,35.75906,251.757,6.6,30,144,0.7,Bed Boundary
1123.399,6.24795,34.85184,251.8498,6.5,29,143,0.7,Bed Boundary
1123.899,6.2596,35.88554,252.8835,6.5,30,143,0.7,Bed Boundary
1124.4,6.512,31.47284,248.4708,6.8,26,143,0.7,Bed Boundary
1124.9,6.6998,30.26937,247.2673,7,25,143,0.7,Bed Boundary
1125.411,6.96791,35.31894,253.3169,7.2,30,142,0.7,Bed Boundary
1125.911,6.65311,41.80793,260.8058,6.8,36,141,0.7,Bed Boundary
1126.411,6.55364,41.89717,260.8951,6.7,36,141,0.7,Bed Boundary
1126.909,6.96369,42.57094,261.5688,7.1,37,141,0.7,Bed Boundary
1127.409,6.93713,48.70845,267.7064,7,43,141,0.7,Bed Boundary
1127.92,6.49479,46.91697,265.9142,6.6,40,141,0.8,Bed Boundary
1128.42,6.511,40.7202,259.7175,6.7,34,141,0.8,Bed Boundary
1128.921,7.63192,41.77837,260.7756,7.8,36,141,0.8,Bed Boundary
1129.421,7.75904,43.73227,262.7296,7.9,38,141,0.8,Bed Boundary
1129.919,7.97191,44.59861,263.5959,8.1,39,141,0.8,Bed Boundary
1130.43,8.17096,44.46004,263.4573,8.3,39,141,0.8,Bed Boundary
1130.93,8.39785,46.34653,265.3438,8.5,41,141,0.8,Bed Boundary
1131.43,8.43966,50.36176,268.359,8.5,45,142,0.8,Bed Boundary
1131.931,8.51133,49.28953,266.2868,8.6,44,143,0.8,Bed Boundary
1132.431,8.72695,44.0421,260.0395,8.9,39,144,0.8,Bed Boundary
1132.929,8.75453,46.07015,262.0675,8.9,41,144,0.8,Bed Boundary
1133.429,8.69712,38.33179,255.3297,8.9,34,143,0.7,Bed Boundary
1133.93,8.76165,36.21563,252.2136,9,32,144,0.7,Bed Boundary
1134.43,8.12278,42.69645,257.6944,8.3,38,145,0.7,Bed Boundary
1136.439,7.20241,42.24562,256.2437,7.4,37,146,0.7,Bed Boundary
1136.94,7.17878,41.19633,254.1944,7.4,36,147,0.7,Bed Boundary
1137.46,7.87612,40.73011,253.7281,8.1,36,147,0.7,Bed Boundary
1137.961,7.87612,39.73014,253.7281,8.1,35,146,0.7,Bed Boundary
1138.461,8.32211,42.58219,257.5802,8.5,38,145,0.7,Bed Boundary
1138.959,7.93043,44.55749,260.5548,8.1,39,144,0.8,Bed Boundary
1139.459,7.91668,42.54028,259.5376,8.1,37,143,0.8,Bed Boundary
1139.97,8.01621,41.47042,259.4677,8.2,36,142,0.8,Bed Boundary
1140.47,7.95805,44.58668,262.584,8.1,39,142,0.8,Bed Boundary
1140.971,8.46962,46.26427,263.2616,8.6,41,143,0.8,Bed Boundary
1141.471,8.72442,50.17168,267.169,8.8,45,143,0.8,Bed Boundary
1141.969,8.92361,51.05412,267.0515,9,46,144,0.8,Bed Boundary
1142.469,8.71048,50.16645,266.1638,8.8,45,144,0.8,Bed Boundary
1143.97,8.95375,44.95531,261.9526,9.1,40,143,0.8,Bed Boundary
1144.471,8.96759,45.96684,262.9641,9.1,41,143,0.8,Bed Boundary
1144.981,8.78225,48.09177,264.0891,8.9,43,144,0.8,Bed Boundary
1145.479,9.16684,46.85682,262.8542,9.3,42,144,0.8,Bed Boundary
1145.979,10.17737,48.38055,263.3779,10.3,44,145,0.8,Bed Boundary
1146.48,10.46264,48.24309,262.2405,10.6,44,146,0.8,Bed Boundary
1147,8.84033,47.99882,260.9963,9,43,147,0.8,Bed Boundary
1147.501,8.9984,45.83813,257.8356,9.2,41,148,0.8,Bed Boundary
1148.001,8.55535,52.19008,262.1877,8.7,47,150,0.8,Bed Boundary
1148.499,8.22022,42.10496,252.1025,8.5,37,150,0.8,Bed Boundary
1149,7.56009,50.88523,262.8827,7.7,45,148,0.8,Bed Boundary
1170.579,2.91107,111.6641,319.6611,2.3,97,152,0.9,Bed Boundary
1172.091,18.73674,39.40581,247.4029,19.1,37,152,0.9,Bed Boundary
1172.591,46.14719,5.47063,213.4677,46.9,5,152,0.9,Bed Boundary
1179.619,43.32243,3.47695,210.4741,44.1,3,153,0.9,Bed Boundary
1180.12,23.69149,43.91583,250.913,24,42,153,0.9,Bed Boundary
1180.63,27.58924,43.60875,250.6059,27.9,42,153,0.9,Bed Boundary
1183.15,21.32818,44.3586,249.3553,21.7,42,155,1,Bed Boundary
1184.151,15.78769,70.18063,277.1778,15.7,67,153,0.9,Bed Boundary
1187.16,19.92891,76.46816,279.4656,19.8,74,157,0.9,Bed Boundary
1189.17,42.84027,42.88672,246.8841,43.2,42,156,0.9,Bed Boundary
1193.681,18.12499,35.30604,239.3034,18.6,33,156,0.9,Bed Boundary
1194.181,12.4634,71.07619,276.0735,12.4,67,155,0.9,Bed Boundary
1195.189,10.51974,60.25611,262.2531,10.7,55,158,1,Bed Boundary
1195.69,57.5819,43.5753,245.5723,58,43,158,1,Bed Boundary
1196.19,14.8979,68.76245,271.7593,14.9,65,157,1,Bed Boundary
1198.71,23.27716,54.25746,258.2542,23.5,52,156,1,Bed Boundary
1199.21,23.10946,50.23014,254.2269,23.4,48,156,1,Bed Boundary
1200.211,22.84318,47.20186,250.1987,23.2,45,157,1,Bed Boundary
1203.711,24.03688,42.21727,246.2133,24.5,40,156,1.1,Bed Boundary
1209.22,27.16024,53.02799,253.0246,27.5,51,160,1.1,Bed Boundary
1210.221,25.96123,53.13699,253.1336,26.3,51,160,1.1,Bed Boundary
1210.719,26.17363,51.91244,251.9096,26.5,50,160,1,Bed Boundary
1211.219,25.70736,53.9763,253.9735,26,52,160,1,Bed Boundary
1211.72,25.77391,51.94664,251.9438,26.1,50,160,1,Bed Boundary
1212.22,26.24059,49.88118,249.8784,26.6,48,160,1,Bed Boundary
1212.72,26.35696,51.8845,250.8818,26.7,50,161,1,Bed Boundary
1213.221,25.75737,51.93517,250.9325,26.1,50,161,1,Bed Boundary
1213.721,27.70599,54.81161,253.8089,28,53,161,1,Bed Boundary
1214.219,28.38884,53.74994,252.7473,28.7,52,161,1,Bed Boundary
1214.719,29.40615,48.62066,247.618,29.8,47,161,1,Bed Boundary
1215.22,29.12251,49.6522,248.6495,29.5,48,161,1,Bed Boundary
1215.72,27.95594,52.75914,250.7566,28.3,51,162,1,Bed Boundary
1216.221,27.35631,53.80439,250.802,27.7,52,163,1,Bed Boundary
1216.721,27.20631,55.85054,253.848,27.5,54,162,1,Bed Boundary
1217.719,29.33871,50.64962,249.6469,29.7,49,161,1,Bed Boundary
1218.22,28.77199,51.71167,251.7089,29.1,50,160,1,Bed Boundary
1219.721,27.98909,54.7794,252.7768,28.3,53,162,1,Bed Boundary
1220.221,28.0226,57.79729,254.7948,28.3,56,163,1,Bed Boundary
1220.719,31.85385,52.50249,250.4999,32.2,51,162,1,Bed Boundary
1221.219,34.03755,52.53049,251.5273,34.4,51,161,1.1,Bed Boundary
1221.72,32.70203,50.58848,249.5852,33.1,49,161,1.1,Bed Boundary
1222.22,30.82118,51.72141,250.7182,31.2,50,161,1.1,Bed Boundary
1222.72,32.82003,52.59221,250.5891,33.2,51,162,1.1,Bed Boundary
1223.221,33.75596,54.55643,252.5533,34.1,53,162,1.1,Bed Boundary
1223.721,32.48421,50.59002,248.5869,32.9,49,162,1.1,Bed Boundary
1224.219,32.96614,50.54877,247.5458,33.4,49,163,1.1,Bed Boundary
1224.719,28.73331,49.80245,245.7997,29.2,48,164,1.1,Bed Boundary
1225.22,20.35569,66.93127,263.9283,20.5,64,163,1.1,Bed Boundary
1226.221,31.33905,53.6976,251.6945,31.7,52,162,1.1,Bed Boundary
1226.721,32.03864,54.65168,251.6487,32.4,53,163,1.1,Bed Boundary
1227.219,32.03864,55.65152,251.6487,32.4,54,164,1.1,Bed Boundary
1227.719,31.05752,56.72702,252.7242,31.4,55,164,1.1,Bed Boundary
1228.219,34.23744,55.51859,251.5158,34.6,54,164,1.1,Bed Boundary
1228.72,33.91944,53.52688,250.5239,34.3,52,163,1.1,Bed Boundary
1229.22,32.93048,58.64136,256.6382,33.2,57,162,1.1,Bed Boundary
1230.719,30.43961,55.7589,251.7561,30.8,54,164,1.1,Bed Boundary
1231.219,30.7577,57.74751,252.7449,31.1,56,165,1.1,Bed Boundary
1231.72,31.53893,57.68371,251.6812,31.9,56,166,1.1,Bed Boundary
1232.22,32.2023,56.61845,249.6161,32.6,55,167,1.1,Bed Boundary
1232.72,33.97422,60.55207,253.5497,34.3,59,167,1.1,Bed Boundary
1233.221,34.9737,60.49507,253.4928,35.3,59,167,1.1,Bed Boundary
1233.721,33.69284,60.57763,254.5752,34,59,166,1.1,Bed Boundary
1234.719,32.76721,55.72767,249.7247,33.2,54,166,1.2,Bed Boundary
1235.22,34.44659,55.60905,248.6063,34.9,54,167,1.2,Bed Boundary
1235.72,34.10592,58.66428,251.6615,34.5,57,167,1.2,Bed Boundary
1236.221,33.5667,56.67556,249.6728,34,55,167,1.2,Bed Boundary
1236.721,30.72951,54.84275,247.84,31.2,53,167,1.2,Bed Boundary
1238.72,30.18874,53.92563,250.9221,30.6,52,163,1.2,Bed Boundary
1239.22,30.10355,52.7589,249.756,30.5,51,163,1.1,Bed Boundary
1239.721,31.367,51.64768,247.6449,31.8,50,164,1.1,Bed Boundary
1240.221,31.83149,50.59143,245.5888,32.3,49,165,1.1,Bed Boundary
1240.719,30.6974,50.63422,243.6319,31.2,49,167,1.1,Bed Boundary
1241.219,30.23239,54.69472,245.6927,30.7,53,169,1.1,Bed Boundary
1242.22,38.55988,50.19263,241.1906,39.1,49,169,1.1,Bed Boundary
1243.221,29.53045,46.64468,239.6424,30.1,45,167,1.1,Bed Boundary
1243.721,30.51479,50.66149,244.659,31,49,166,1.1,Bed Boundary
1244.219,31.51424,52.59672,244.5946,32,51,168,1.1,Bed Boundary
1244.719,32.44872,56.56607,246.5643,32.9,55,170,1.1,Bed Boundary
1245.22,32.98394,60.55816,248.5567,33.4,59,172,1.1,Bed Boundary
1246.731,28.78644,56.84171,248.8396,29.2,55,168,1.1,Bed Boundary
1249.23,9.73165,55.67066,247.6685,10.2,50,168,1.1,Bed Boundary
1249.731,9.4456,49.55177,242.5495,10,44,167,1.1,Bed Boundary
1251.73,6.99776,75.7909,274.787,7,66,161,1.2,Bed Boundary
1252.23,6.44305,75.58613,272.5826,6.5,65,163,1.2,Bed Boundary
1252.731,5.11535,81.45906,277.4557,5.1,68,164,1.2,Bed Boundary
1253.729,4.25527,94.31452,290.3112,4,78,164,1.2,Bed Boundary
1254.229,3.77419,104.9512,301.9477,3.3,87,163,1.2,Bed Boundary
1254.729,3.45676,150.4886,347.485,2.3,144,163,1.2,Bed Boundary
1255.23,6.69985,164.1816,359.1785,5.5,164,165,1.2,Bed Boundary
1257.729,40.03179,221.8551,51.85297,39.3,223,170,1.2,Bed Boundary
1258.23,38.23242,220.7797,51.77734,37.5,222,169,1.2,Bed Boundary
1260.231,4.99111,149.9189,353.9143,3.8,148,156,1.2,Bed Boundary
1260.729,4.89986,157.76,0.75549,3.7,158,157,1.2,Bed Boundary
1261.73,8.68825,193.2665,32.2626,7.7,198,161,1.2,Bed Boundary
1262.23,8.83047,190.7872,28.78351,7.8,195,162,1.2,Bed Boundary
1262.73,7.47068,197.2284,33.22507,6.5,203,164,1.2,Bed Boundary
1263.231,8.01928,201.1779,37.17456,7.1,207,164,1.2,Bed Boundary
1263.729,8.56322,203.1587,41.15503,7.7,209,162,1.2,Bed Boundary
1264.229,9.331,203.4772,43.47314,8.5,209,160,1.2,Bed Boundary
1264.729,8.66269,201.2274,41.22333,7.8,207,160,1.2,Bed Boundary
1265.25,8.13755,203.6507,42.64679,7.3,210,161,1.2,Bed Boundary
1265.751,9.52273,212.0563,50.05255,8.8,218,162,1.2,Bed Boundary
1266.251,11.62865,217.8911,55.88739,11,223,162,1.2,Bed Boundary
1266.749,14.42119,214.1719,51.1684,13.7,218,163,1.2,Bed Boundary
1267.249,15.40248,217.3835,52.38034,14.7,221,165,1.2,Bed Boundary
1267.75,15.88473,219.4581,53.45514,15.2,223,166,1.2,Bed Boundary
1268.25,16.53314,215.7247,50.72153,15.8,219,165,1.2,Bed Boundary
1268.75,16.21197,209.8806,45.87726,15.4,213,164,1.2,Bed Boundary
1269.251,19.00813,209.3672,46.36371,18.2,212,163,1.2,Bed Boundary
1269.751,23.55676,212.8279,49.82437,22.8,215,163,1.2,Bed Boundary
1270.249,26.73816,215.0945,51.09116,26,217,164,1.2,Bed Boundary
1270.749,32.73472,215.5062,51.50287,32,217,164,1.2,Bed Boundary
1271.25,36.33315,213.6944,51.69067,35.6,215,162,1.2,Bed Boundary
1271.75,38.78059,208.8536,48.84955,38,210,160,1.2,Bed Boundary
1272.25,44.16273,215.9619,55.95786,43.5,217,160,1.2,Bed Boundary
1272.751,46.76194,217.0517,56.04779,46.1,218,161,1.2,Bed Boundary
1273.251,48.86793,214.2307,52.22763,48.2,215,162,1.1,Bed Boundary
1273.749,49.31244,213.2731,49.27026,48.6,214,164,1.1,Bed Boundary
1274.75,54.94019,212.4237,47.42105,54.2,213,165,1.1,Bed Boundary
1275.25,55.28182,215.397,51.39423,54.6,216,164,1.1,Bed Boundary
1275.751,56.29655,213.4276,50.42462,55.6,214,163,1.1,Bed Boundary
1276.251,58.09628,213.4656,50.46265,57.4,214,163,1.1,Bed Boundary
1276.749,58.99614,213.484,50.48108,58.3,214,163,1.1,Bed Boundary
1277.249,64.39536,215.5878,50.58514,63.7,216,165,1.1,Bed Boundary
1277.75,57.49637,216.4526,50.45013,56.8,217,166,1.1,Bed Boundary
1278.25,59.41078,215.4991,49.49664,58.7,216,166,1.1,Bed Boundary
1278.75,54.99677,218.3983,50.39612,54.3,219,168,1.1,Bed Boundary
1279.251,50.80521,224.245,56.24283,50.2,225,168,1.1,Bed Boundary
1281.25,54.526,214.4056,48.40314,53.8,215,166,1.1,Bed Boundary
1281.75,56.51122,214.4399,49.43726,55.8,215,165,1.1,Bed Boundary
1282.25,52.78226,216.3391,51.33646,52.1,217,165,1.1,Bed Boundary
1282.751,53.18219,217.3484,51.34595,52.5,218,166,1.1,Bed Boundary
1283.251,60.19596,217.5075,50.50513,59.5,218,167,1.1,Bed Boundary
1284.76,67.99488,216.6518,50.64935,67.3,217,166,1.1,Bed Boundary
1285.761,67.94942,219.637,53.63449,67.3,220,166,1.1,Bed Boundary
1286.759,66.90976,217.6377,49.63553,66.2,218,168,1.1,Bed Boundary
1287.76,66.71954,214.6793,41.67804,65.9,215,173,1.1,Bed Boundary
1288.26,66.12438,219.6289,48.62729,65.4,220,171,1.1,Bed Boundary
1288.76,65.43876,215.6233,47.62115,64.7,216,168,1.1,Bed Boundary
1289.261,64.32461,213.5983,48.59564,63.6,214,165,1.1,Bed Boundary
1293.259,66.54225,218.5863,51.58353,65.8,219,167,1.2,Bed Boundary
1294.76,65.70992,216.6168,49.6145,65,217,167,1.1,Bed Boundary
1295.26,65.85865,218.5784,50.57587,65.1,219,168,1.2,Bed Boundary
1297.259,70.70929,214.7025,49.69983,70,215,165,1.1,Bed Boundary
1298.26,71.7237,214.7231,48.72058,71,215,166,1.1,Bed Boundary
1304.27,70.97955,221.6978,51.69604,70.3,222,170,1.1,Bed Boundary
1305.771,61.15231,234.4445,65.44247,60.7,235,169,1.1,Bed Boundary
1307.77,68.45248,216.6789,46.67706,67.7,217,170,1.1,Bed Boundary
1308.771,70.16615,214.7113,45.70929,69.4,215,169,1.1,Bed Boundary
1312.271,56.78237,237.3218,69.31964,56.4,238,168,1.1,Bed Boundary
1316.271,65.66665,216.6385,45.6369,64.9,217,171,1.1,Bed Boundary
1317.269,69.36623,216.6984,45.69678,68.6,217,171,1.1,Bed Boundary
1324.78,66.89662,217.69,45.68875,66.2,218,172,1,Bed Boundary
1325.281,59.43378,214.5941,42.59283,58.7,215,172,1,Bed Boundary
1326.779,5.73025,201.9888,30.98743,4.9,208,171,1,Bed Boundary
1327.28,52.15899,201.5974,30.59607,51.3,202,171,1,Bed Boundary
1336.279,66.33167,222.6563,50.65509,65.7,223,172,1,Bed Boundary
1340.279,59.87701,225.5219,54.52057,59.3,226,171,1,Bed Boundary
1342.281,48.1756,233.2074,61.20618,47.7,234,172,1,Bed Boundary
1350.279,48.96922,212.4374,39.43631,48.2,213,173,1,Bed Boundary
1350.97,63.02152,215.6432,43.64203,62.3,216,172,1,Bed Boundary
1353.98,61.85876,220.5932,48.59198,61.2,221,172,1,Bed Boundary
1358.509,61.82163,216.6245,43.62347,61.1,217,173,1,Bed Boundary
1359.009,65.82127,216.6848,43.68375,65.1,217,173,1,Bed Boundary
1359.51,63.1716,220.6208,47.61981,62.5,221,173,1,Bed Boundary
1377.079,68.13127,207.8006,37.79962,67.5,208,170,0.8,Bed Boundary
1377.579,66.24808,206.7913,35.79041,65.6,207,171,0.8,Bed Boundary
1378.08,67.43977,208.7981,36.7973,66.8,209,172,0.8,Bed Boundary
1378.58,66.3227,211.7772,38.77649,65.7,212,173,0.8,Bed Boundary
1379.08,66.63134,211.785,37.78448,66,212,174,0.8,Bed Boundary
1387.119,67.80948,212.8354,25.8363,67,213,187,0.9,Bed Boundary
1387.62,68.30947,211.8396,25.84027,67.5,212,186,0.9,Bed Boundary
1388.12,63.02901,207.8179,22.81848,62.2,208,185,0.9,Bed Boundary
1389.131,67.59531,210.8225,27.82288,66.8,211,183,0.9,Bed Boundary
1389.629,64.88795,210.7923,28.79248,64.1,211,182,0.9,Bed Boundary
1392.649,68.78013,212.8219,29.8222,68,213,183,0.9,Bed Boundary
1394.661,66.41991,213.7606,36.76019,65.7,214,177,0.9,Bed Boundary
1395.161,68.0382,211.7889,34.78851,67.3,212,177,0.9,Bed Boundary
1395.659,65.74715,210.7704,33.76999,65,211,177,0.9,Bed Boundary
1398.679,69.51975,216.7943,36.79431,68.8,217,180,0.9,Bed Boundary
1399.179,68.6198,217.7844,36.78455,67.9,218,181,0.9,Bed Boundary
1399.68,68.43817,214.7927,34.79269,67.7,215,180,0.9,Bed Boundary
1400.18,70.53808,214.8143,34.81427,69.8,215,180,0.9,Bed Boundary
1402.179,68.00059,213.7683,38.7677,67.3,214,175,0.9,Bed Boundary
1402.679,67.03825,209.7786,34.77795,66.3,210,175,0.9,Bed Boundary
1406.21,55.12231,218.5122,43.51141,54.4,219,175,1,Bed Boundary
1408.72,61.78981,207.667,37.6655,61,208,170,1,Bed Boundary
1409.22,71.50861,214.7607,44.75916,70.8,215,170,1,Bed Boundary
1409.72,70.85782,218.7352,48.7337,70.2,219,170,1,Bed Boundary
1410.221,71.57078,217.7495,47.74802,70.9,218,170,1,Bed Boundary
1411.219,69.78375,217.7277,46.72632,69.1,218,171,1,Bed Boundary
1411.719,70.41763,222.7168,51.71545,69.8,223,171,1,Bed Boundary
1423.22,73.1375,216.8045,44.80356,72.5,217,172,0.9,Bed Boundary
1424.719,74.32624,212.8164,45.81482,73.7,213,167,0.9,Bed Boundary
1427.719,74.87966,215.8119,49.81024,74.3,216,166,0.9,Bed Boundary
1431.719,74.3797,216.8053,49.80374,73.8,217,167,0.9,Bed Boundary
1432.22,73.5034,214.8,47.7984,72.9,215,167,0.9,Bed Boundary
1444.229,74.32508,214.8091,57.8071,73.9,215,157,0.8,Bed Boundary
1451.229,72.6404,216.8084,60.80679,72.3,217,156,0.7,Bed Boundary
1452.23,70.38233,213.7903,56.78879,70,214,157,0.7,Bed Boundary
1454.229,70.60252,212.7976,54.79608,70.2,213,158,0.7,Bed Boundary
1456.23,72.69237,211.8188,55.8172,72.3,212,156,0.7,Bed Boundary
1459.73,72.50242,211.8188,54.8172,72.1,212,157,0.7,Bed Boundary
1470.01,6.30001,164.2108,324.2155,5.3,156,200,1.3,Bed Boundary
1470.51,9.81794,160.9378,323.942,8.8,156,197,1.3,Bed Boundary
1471.021,8.5493,163.4535,326.4576,7.5,158,197,1.3,Bed Boundary
1471.531,7.75752,163.674,325.6777,6.8,158,198,1.2,Bed Boundary
1472.029,7.6461,163.8771,324.881,6.7,158,199,1.2,Bed Boundary
1472.529,7.59585,162.3784,321.3826,6.7,156,201,1.2,Bed Boundary
1473.05,8.33594,159.8458,314.8498,7.6,154,205,1.1,Bed Boundary
1473.551,8.26528,157.2914,310.2957,7.6,151,207,1.1,Bed Boundary
1474.061,7.56998,157.8797,310.884,6.9,151,207,1.1,Bed Boundary
1474.569,7.82827,151.2709,302.2754,7.3,144,209,1.1,Bed Boundary
1475.069,7.88233,163.5231,311.5278,7.2,157,212,1.1,Bed Boundary
1475.57,9.084,159.0284,305.0333,8.5,153,214,1.1,Bed Boundary
1476.08,8.5893,155.7185,299.7235,8.1,149,216,1.1,Bed Boundary
1476.591,7.52993,154.8922,296.8974,7.1,147,218,1.1,Bed Boundary
1477.089,6.47893,155.4038,296.4081,6.1,147,219,1,Bed Boundary
1477.609,5.75822,151.8121,289.8164,5.5,142,222,1,Bed Boundary
1478.12,5.40886,166.8356,302.8409,4.9,156,224,1.1,Bed Boundary
1478.62,6.53302,159.1237,296.1299,6.1,149,223,1.2,Bed Boundary
1479.121,6.98336,156.664,294.6692,6.6,148,222,1.1,Bed Boundary
1479.629,8.15379,157.4348,292.4401,7.8,150,225,1.1,Bed Boundary
1480.149,6.41917,158.6065,291.6118,6.1,149,227,1.1,Bed Boundary
1480.65,7.49814,166.7156,300.7209,7,159,226,1.1,Bed Boundary
1481.16,8.67062,169.3817,304.387,8.1,163,225,1.1,Bed Boundary
1481.661,11.90346,171.4772,305.4825,11.3,167,226,1.1,Bed Boundary
1482.171,12.74182,169.6003,304.6066,12.1,165,225,1.2,Bed Boundary
1482.679,7.73589,169.8237,305.83,7.1,162,224,1.2,Bed Boundary
1483.18,7.34066,159.9427,295.9489,6.9,151,224,1.2,Bed Boundary
1483.68,7.03105,163.0158,299.0231,6.5,153,224,1.3,Bed Boundary
1484.191,6.67669,163.4242,301.4316,6.1,153,222,1.3,Bed Boundary
1484.709,6.28024,166.7926,304.8011,5.6,155,222,1.4,Bed Boundary
1485.209,4.37925,174.8089,311.8175,3.6,158,223,1.4,Bed Boundary
1485.72,5.65455,168.0837,306.091,5,156,222,1.3,Bed Boundary
1486.22,7.7998,164.7693,301.7767,7.2,156,223,1.3,Bed Boundary
1486.72,7.3646,159.713,295.7203,6.9,150,224,1.3,Bed Boundary
1487.231,6.41821,157.3319,294.3392,6,146,223,1.3,Bed Boundary
1487.749,6.22532,160.4084,299.4156,5.7,149,221,1.3,Bed Boundary
1488.25,6.9119,163.9203,302.9276,6.3,154,221,1.3,Bed Boundary
1488.76,6.66201,148.1353,287.1426,6.4,137,221,1.3,Bed Boundary
1489.271,6.27013,147.8476,287.8549,6,136,220,1.3,Bed Boundary
1489.771,8.09859,171.5965,311.6038,7.3,164,220,1.3,Bed Boundary
1490.279,7.36244,182.2571,321.2645,6.4,175,221,1.3,Bed Boundary
1490.779,7.67654,172.1228,308.1313,6.9,163,224,1.4,Bed Boundary
1491.3,9.31087,185.2579,319.2665,8.3,179,226,1.4,Bed Boundary
1491.8,0.70361,205.1073,337.1158,0.8,68,228,1.4,Bed Boundary
1492.311,0.67859,201.8753,328.8824,0.8,79,233,1.3,Bed Boundary
1501.93,9.76706,172.6641,297.6721,9.2,165,235,1.4,Bed Boundary
1502.44,9.41366,177.8534,299.8611,8.8,170,238,1.4,Bed Boundary
1508.529,5.52324,163.9139,266.9182,5.8,149,257,1.5,Bed Boundary
1509.029,5.65099,165.6539,266.6571,5.9,152,259,1.4,Bed Boundary
1509.53,6.85335,166.4513,274.4571,6.9,154,252,1.5,Bed Boundary
1510.05,7.00904,168.2825,280.2893,6.9,156,248,1.5,Bed Boundary
1510.561,6.25991,160.5784,270.5839,6.4,148,250,1.4,Bed Boundary
1511.061,6.02696,169.3583,277.3626,6,157,252,1.3,Bed Boundary
1511.569,5.92934,169.5667,277.571,5.9,157,252,1.3,Bed Boundary
1512.07,6.38031,164.4843,270.4882,6.5,153,254,1.3,Bed Boundary
1512.58,6.28974,177.8708,279.8737,6.2,166,258,1.3,Bed Boundary
1513.081,5.75529,164.4271,265.4299,6,152,259,1.3,Bed Boundary
1513.591,5.73269,162.4072,264.4102,6,150,258,1.3,Bed Boundary
1514.089,5.61451,175.2676,277.2706,5.6,162,258,1.3,Bed Boundary
1514.61,5.61451,177.268,277.2706,5.6,164,260,1.3,Bed Boundary
1515.12,5.79372,170.6767,271.6794,5.9,158,259,1.3,Bed Boundary
1515.62,5.96627,166.2562,270.2596,6.1,154,256,1.3,Bed Boundary
1516.121,6.00384,182.4581,285.4609,5.8,171,257,1.2,Bed Boundary
1516.629,6.53558,191.3396,291.3418,6.2,181,260,1.2,Bed Boundary
1517.15,6.41649,186.6926,285.6945,6.2,176,261,1.2,Bed Boundary
1517.65,6.45068,206.4172,307.4196,5.8,197,259,1.2,Bed Boundary
1518.161,6.08379,188.2218,289.2242,5.8,177,259,1.2,Bed Boundary
1518.671,5.78594,182.92,279.9213,5.7,172,263,1.1,Bed Boundary
1519.169,5.94064,186.6261,282.6272,5.8,176,264,1.1,Bed Boundary
1519.679,5.74422,185.9963,282.9976,5.6,175,263,1.1,Bed Boundary
1520.18,5.08424,182.367,275.3676,5.1,170,267,1.1,Bed Boundary
1521.709,8.17356,201.2847,287.2838,7.9,193,274,1.2,Bed Boundary
1522.209,8.60281,217.433,298.431,8.1,210,279,1.2,Bed Boundary
1522.72,9.63236,198.0876,275.0849,9.6,191,283,1.2,Bed Boundary
1523.22,9.06319,186.2869,262.2839,9.3,179,284,1.2,Bed Boundary
1523.731,6.10212,200.1892,276.1857,6.1,188,284,1.3,Bed Boundary
1524.231,5.90683,196.6008,276.5982,5.9,184,280,1.3,Bed Boundary
1524.749,10.3583,196.1331,276.1306,10.3,189,280,1.3,Bed Boundary
1525.26,7.16587,194.2066,269.2029,7.3,184,285,1.3,Bed Boundary
1525.76,7.53663,157.962,231.9581,8.4,151,286,1.3,Bed Boundary
1526.271,8.92348,158.6369,234.6329,9.8,152,284,1.4,Bed Boundary
1526.779,6.67737,170.6807,246.6761,7.4,160,284,1.5,Bed Boundary
1527.279,6.71076,172.2072,246.2013,7.5,161,286,1.6,Bed Boundary
1527.78,56.16422,264.4511,336.4445,54.7,264,288,1.6,Bed Boundary
1528.3,12.01315,351.5184,61.51031,11.3,359,290,1.7,Bed Boundary
1529.311,13.39247,168.045,239.0363,14.4,162,289,1.8,Bed Boundary
1529.819,11.74678,158.9094,228.9004,13,153,290,1.8,Bed Boundary
1530.32,11.53404,153.4341,223.425,12.9,148,290,1.8,Bed Boundary
1530.82,12.36786,147.7087,219.7004,13.8,143,288,1.8,Bed Boundary
1531.33,16.95928,152.7918,223.7831,18.3,149,289,1.8,Bed Boundary
1531.841,15.55881,148.7065,218.6974,17,145,290,1.8,Bed Boundary
1532.339,15.72007,145.4809,216.4722,17.2,142,289,1.8,Bed Boundary
1532.859,19.19396,147.2041,219.1948,20.7,144,288,1.9,Bed Boundary
1533.37,13.36617,147.4711,218.4614,14.9,143,289,1.9,Bed Boundary
1533.87,12.72654,147.5623,215.5502,14.4,143,292,2,Bed Boundary
1534.381,13.56163,142.953,210.9396,15.4,139,292,2.1,Bed Boundary
1534.879,12.85422,135.2999,203.2852,14.9,132,292,2.2,Bed Boundary
1535.4,13.91633,134.7192,199.7015,16.1,132,295,2.3,Bed Boundary
1535.9,13.87918,131.2588,196.2411,16.1,129,295,2.3,Bed Boundary
1536.41,12.55455,135.5128,202.4947,14.8,132,293,2.4,Bed Boundary
1536.921,12.31571,131.1616,199.1427,14.7,128,292,2.5,Bed Boundary
1537.929,16.6785,141.6681,208.6469,19,138,293,2.6,Bed Boundary
1538.43,14.83741,122.5464,190.5259,17.4,121,292,2.6,Bed Boundary
1538.93,12.6495,123.0992,192.0779,15.3,121,291,2.7,Bed Boundary
1539.441,13.05628,139.5523,207.5302,15.5,135,292,2.7,Bed Boundary
1539.959,13.00039,129.9429,196.9182,15.7,127,293,2.8,Bed Boundary
1540.459,13.30249,136.0545,204.0307,15.9,132,292,2.8,Bed Boundary
1540.97,12.28755,128.9017,195.8771,15,126,293,2.8,Bed Boundary
1541.47,11.30847,120.9986,184.9716,14.1,120,296,2.8,Bed Boundary
1541.97,11.13259,152.9129,215.8852,13.5,146,297,2.8,Bed Boundary
1542.481,11.07573,147.601,208.572,13.6,142,299,2.8,Bed Boundary
1544.01,12.59454,134.0361,196.0035,15.5,131,298,3,Bed Boundary
1544.521,12.79798,133.0857,196.0517,15.8,130,297,3.1,Bed Boundary
1545.031,16.94981,140.7696,204.7343,19.9,137,296,3.2,Bed Boundary
1545.529,14.56575,140.5592,205.5227,17.6,136,295,3.3,Bed Boundary
1546.029,14.40224,140.9668,206.9293,17.5,136,294,3.4,Bed Boundary
1546.55,15.85465,137.2213,204.1828,19.1,133,293,3.5,Bed Boundary
1547.051,14.19515,133.1704,201.1311,17.6,129,292,3.6,Bed Boundary
1547.561,20.64697,129.5525,197.511,24.2,127,292,3.7,Bed Boundary
1548.069,20.45326,122.5742,190.5327,24.1,121,292,3.7,Bed Boundary
1548.569,18.10269,114.4321,182.3906,21.8,114,292,3.7,Bed Boundary
1550.589,15.61442,134.9893,201.9486,19,131,293,3.6,Bed Boundary
1551.109,17.96506,124.9486,191.9078,21.5,123,293,3.6,Bed Boundary
1551.62,16.84217,123.6808,189.6387,20.4,122,294,3.6,Bed Boundary
1552.12,16.47988,125.3394,193.3001,20,123,292,3.6,Bed Boundary
1552.621,16.04255,120.7639,189.726,19.6,119,291,3.6,Bed Boundary
1553.131,16.66808,122.1631,192.1246,20.3,120,290,3.7,Bed Boundary
1553.629,15.97466,127.5665,199.5313,19.5,124,288,3.7,Bed Boundary
1554.15,15.75757,118.1216,191.0863,19.5,116,287,3.8,Bed Boundary
1562.771,50.59949,302.9961,0.948,47.1,303,302,3.5,Bed Boundary
1563.271,48.08744,302.3344,355.2829,44.6,302,307,3.5,Bed Boundary
1565.3,63.48248,292.2213,354.1819,60.2,292,298,3.3,Bed Boundary
1572.4,43.81564,288.7429,345.7159,41.3,288,303,2.6,Bed Boundary
1572.91,44.15597,283.9229,340.898,41.8,283,303,2.5,Bed Boundary
1578.981,62.91,293.3437,343.3248,60.9,293,310,2.1,Bed Boundary
1579.481,60.74731,296.2918,347.273,58.7,296,309,2.1,Bed Boundary
1582.529,59.88902,282.3732,339.3617,58.3,282,303,1.7,Bed Boundary
1583.03,49.45357,280.5975,335.587,48,280,305,1.6,Bed Boundary
1589.12,61.57637,290.5029,320.4955,60.5,290,330,1.4,Bed Boundary
1589.621,58.93951,282.5581,316.5513,58,282,326,1.3,Bed Boundary
1593.179,60.81866,286.4848,301.4826,60.3,286,345,1,Bed Boundary
1597.731,55.23626,281.6897,266.6919,55.3,281,15,1,Bed Boundary
1598.249,55.86876,277.7433,268.7449,55.9,277,9,1.1,Bed Boundary
1604.32,71.78662,292.2935,269.296,71.8,292,23,0.9,Bed Boundary
1613.459,67.05037,298.3145,216.3165,68.1,298,82,1.3,Bed Boundary
1620.551,27.164,110.9665,47.96826,26.7,112,63,0.7,Bed Boundary
1621.061,28.43171,103.1479,40.14963,27.9,104,63,0.7,Bed Boundary
1621.569,28.98154,103.0716,46.07355,28.5,104,57,0.7,Bed Boundary
1622.069,25.31616,105.9869,41.98859,24.8,107,64,0.7,Bed Boundary
1623.581,33.70409,106.3286,47.32993,33.3,107,59,0.6,Bed Boundary
1624.089,35.36116,103.5085,43.50946,35,104,60,0.5,Bed Boundary
1628.661,33.57175,89.23051,230.2307,33.7,89,219,0.2,Bed Boundary
1629.171,34.99142,88.23931,237.2395,35.1,88,211,0.2,Bed Boundary
1630.18,40.32678,94.16801,201.1684,40.7,94,253,0.4,Bed Boundary
1630.68,31.54748,103.3429,205.3434,32,103,258,0.5,Bed Boundary
1631.691,30.90084,90.05214,183.0523,31.5,90,267,0.6,Bed Boundary
1632.209,31.70272,91.90212,174.9016,32.4,92,277,0.7,Bed Boundary
1632.72,25.66536,86.35329,156.3515,26.4,87,290,0.8,Bed Boundary
1633.22,29.40449,105.8541,173.8522,30.2,106,292,0.8,Bed Boundary
1633.72,29.82791,97.64228,164.6403,30.6,98,293,0.8,Bed Boundary
1634.231,28.78291,88.36597,153.3638,29.5,89,295,0.8,Bed Boundary
1635.25,33.60014,107.0254,181.0235,34.5,107,286,0.9,Bed Boundary
1635.76,26.50226,103.1265,184.1254,27.4,103,279,0.9,Bed Boundary
1636.271,25.90226,96.12903,184.1288,26.8,96,272,0.9,Bed Boundary
1636.771,28.33996,105.5086,196.5087,29.3,105,269,1,Bed Boundary
1637.279,28.21402,97.31872,189.3191,29.3,97,268,1.1,Bed Boundary
1638.28,23.31684,95.46849,189.4695,24.6,95,266,1.3,Bed Boundary
1638.8,34.01081,94.24986,187.2508,35.4,94,267,1.4,Bed Boundary
1639.311,23.81545,96.46954,188.4702,25.3,96,268,1.5,Bed Boundary
1640.82,24.1371,104.7385,192.7378,25.7,104,272,1.6,Bed Boundary
1641.33,23.70249,98.2035,183.2013,25.4,98,275,1.7,Bed Boundary
1642.341,23.9069,104.3359,185.332,25.6,104,279,1.7,Bed Boundary
1642.839,23.30233,100.1959,183.1932,24.9,100,277,1.6,Bed Boundary
1643.87,22.61771,105.5674,188.5643,24.3,105,277,1.7,Bed Boundary
1644.381,22.70692,100.354,185.3518,24.4,100,275,1.7,Bed Boundary
1644.881,20.82254,105.6979,189.6953,22.5,105,276,1.7,Bed Boundary
1645.379,20.60475,101.3354,184.332,22.4,101,277,1.8,Bed Boundary
1645.9,18.8012,97.18596,182.1835,20.6,97,275,1.8,Bed Boundary
1646.4,17.46226,108.4554,195.4537,19.3,107,273,1.9,Bed Boundary
1646.911,15.08725,109.0364,198.0358,17,107,271,2,Bed Boundary
1647.421,15.0232,98.08284,189.0835,17.1,97,269,2.1,Bed Boundary
1647.919,14.00039,87.15028,181.1532,16.2,87,266,2.2,Bed Boundary
1648.93,17.73947,133.5649,236.575,19.1,128,257,2.3,Bed Boundary
1650.959,14.10347,84.44942,183.456,16.3,84,261,2.2,Bed Boundary
1651.47,18.54496,96.23885,192.2432,20.7,95,264,2.2,Bed Boundary
1651.97,18.83009,95.99957,190.0025,21,95,266,2.2,Bed Boundary
1652.481,16.73953,99.3182,191.3198,19,98,268,2.3,Bed Boundary
1652.981,15.32059,96.05957,188.0613,17.7,95,268,2.4,Bed Boundary
1654.01,13.53442,110.1423,200.1423,16,107,270,2.6,Bed Boundary
1654.51,11.47247,103.7521,194.7532,14.1,101,269,2.7,Bed Boundary
1655.021,12.97703,101.5976,194.6014,15.8,99,267,2.9,Bed Boundary
1655.529,12.40985,104.2763,197.2804,15.3,101,267,3,Bed Boundary
1656.029,12.44557,98.10979,191.1139,15.4,96,267,3,Bed Boundary
1656.53,14.56056,113.2982,206.3023,17.3,109,267,3,Bed Boundary
1657.05,14.43919,107.1885,199.1912,17.3,104,268,3,Bed Boundary
1657.561,13.63515,108.2753,199.2766,16.4,105,269,2.9,Bed Boundary
1658.061,12.75639,115.7762,206.7775,15.4,111,269,2.9,Bed Boundary
1658.569,12.70505,106.0938,197.0951,15.5,103,269,2.9,Bed Boundary
1659.07,10.10148,112.2805,204.2831,12.8,107,268,2.9,Bed Boundary
1659.57,10.17757,102.2259,195.2294,12.9,99,267,2.8,Bed Boundary
1660.591,1.71794,96.51421,190.519,4.5,90,266,2.8,Bed Boundary
1661.089,1.8,86.99616,180,4.7,87,267,2.9,Bed Boundary
1662.12,1.40104,17.94022,108.9416,3.7,68,269,3,Bed Boundary
1662.62,3.21485,53.36245,143.3625,5.9,71,270,3,Bed Boundary
1663.121,8.80162,120.4918,209.4903,11.6,113,271,3.1,Bed Boundary
1663.629,10.2748,114.9853,201.9809,13.2,110,273,3.1,Bed Boundary
1664.15,10.30672,113.951,196.9402,13.4,110,277,3.2,Bed Boundary
1664.65,13.12415,127.5178,208.5031,16.1,122,279,3.3,Bed Boundary
1665.161,13.08179,128.9879,210.9748,16,123,278,3.3,Bed Boundary
1665.671,15.77605,129.6266,213.6161,18.7,124,276,3.4,Bed Boundary
1667.18,14.46627,127.1337,213.1262,17.5,121,274,3.5,Bed Boundary
1667.68,16.47838,117.2105,205.2068,19.7,113,272,3.5,Bed Boundary
1668.709,17.26661,123.2204,212.2185,20.4,118,271,3.6,Bed Boundary
1669.209,16.61474,114.4792,206.4832,19.9,110,268,3.6,Bed Boundary
1680.22,18.70796,348.3676,245.366,19.1,346,103,0.9,Bed Boundary
1680.731,14.25689,344.0359,242.0345,14.7,341,102,0.9,Bed Boundary
1681.231,11.52056,340.6613,239.66,12,337,101,0.9,Bed Boundary
1681.729,12.91479,330.9158,230.9146,13.5,328,100,0.9,Bed Boundary
1682.229,13.0788,326.738,227.7369,13.7,324,99,0.9,Bed Boundary
1682.73,14.60961,325.7107,227.7095,15.3,323,98,1,Bed Boundary
1683.23,13.20741,333.3568,235.3556,13.8,330,98,1,Bed Boundary
1683.73,11.39662,347.4616,248.4603,11.8,343,99,1,Bed Boundary
1684.231,8.83403,338.1431,238.1416,9.4,333,100,1,Bed Boundary
1684.731,9.29291,342.1301,242.1286,9.8,337,100,1,Bed Boundary
1685.229,11.0814,346.5522,247.5509,11.5,342,99,1,Bed Boundary
1685.729,12.49839,340.8263,241.825,13,337,99,1,Bed Boundary
1686.23,10.33591,342.7517,244.7505,10.8,338,98,1,Bed Boundary
1686.73,9.96927,346.0277,247.0264,10.4,341,99,1,Bed Boundary
1687.231,8.96359,339.1979,240.1966,9.5,334,99,1,Bed Boundary
1687.731,12.61361,340.8309,242.8297,13.1,337,98,1,Bed Boundary
1688.229,14.04187,340.4966,244.4957,14.5,337,96,1,Bed Boundary
1688.729,8.19282,328.3247,235.3243,8.8,323,93,1,Bed Boundary
1689.229,7.22716,327.2222,238.2224,7.8,321,89,1,Bed Boundary
1689.73,6.8287,321.9439,235.9447,7.5,315,86,1.1,Bed Boundary
1690.23,7.3483,310.9292,229.9308,8.1,305,81,1.1,Bed Boundary
1690.731,8.87193,301.432,223.4342,9.7,297,78,1.1,Bed Boundary
1691.231,27.7907,233.1485,157.1514,28.9,234,76,1.2,Bed Boundary
1691.729,8.48646,333.9396,256.9419,8.8,327,77,1.1,Bed Boundary
1692.229,10.72944,336.5558,258.5579,11,331,78,1.1,Bed Boundary
1692.73,12.22302,335.8572,257.8594,12.5,331,78,1.1,Bed Boundary
1693.23,12.41088,329.6006,251.6028,12.8,325,78,1.1,Bed Boundary
1693.751,12.29305,327.6107,250.613,12.7,323,77,1.1,Bed Boundary
1694.251,12.18668,320.4087,244.4111,12.7,316,76,1.1,Bed Boundary
1694.749,1.00065,305.5486,230.5513,1.9,279,75,1.1,Bed Boundary
1695.249,5.02476,351.5615,277.5643,5,339,74,1.1,Bed Boundary
1695.75,7.96623,287.9259,213.9287,8.9,284,74,1.1,Bed Boundary
1696.25,12.27534,339.9958,265.9985,12.4,335,74,1.1,Bed Boundary
1696.75,15.00102,346.1033,272.1061,15,342,74,1.1,Bed Boundary
1697.251,13.72783,341.4793,268.4822,13.8,337,73,1.1,Bed Boundary
1697.751,11.08472,333.4512,261.4543,11.3,328,72,1.1,Bed Boundary
1698.249,12.91541,332.6924,262.6957,13.1,328,70,1.1,Bed Boundary
1698.75,19.3955,334.0981,266.1017,19.5,331,68,1.1,Bed Boundary
1700.751,55.27578,335.6884,274.692,55.2,335,61,1,Bed Boundary
1701.249,50.79888,320.7925,258.7961,51,320,62,1,Bed Boundary
1701.749,42.60977,347.9522,283.955,42.4,347,64,0.9,Bed Boundary
1702.25,44.1013,342.9218,276.9244,44,342,66,0.9,Bed Boundary
1702.75,34.81598,332.284,265.2865,34.9,331,67,0.9,Bed Boundary
1703.25,33.33222,333.3603,266.3629,33.4,332,67,0.9,Bed Boundary
1703.751,29.7374,345.5588,279.5614,29.6,344,66,0.9,Bed Boundary
1704.251,43.60952,348.9195,283.9222,43.4,348,65,0.9,Bed Boundary
1704.749,42.70974,350.9491,283.9517,42.5,350,67,0.9,Bed Boundary
1705.249,11.53469,345.4125,274.4147,11.5,341,71,0.9,Bed Boundary
1705.75,18.93862,13.31761,300.3196,18.5,11,73,0.9,Bed Boundary
1706.25,29.73334,3.47153,292.4737,29.4,2,71,0.9,Bed Boundary
1706.761,3.18998,332.2516,264.254,3.4,317,68,0.9,Bed Boundary
1707.261,21.70891,358.1377,291.1403,21.4,356,67,0.9,Bed Boundary
1707.759,15.72632,353.1151,286.1176,15.5,350,67,0.9,Bed Boundary
1708.259,14.08961,4.27787,297.2804,13.7,1,67,0.9,Bed Boundary
1708.76,22.0225,4.98329,298.9859,21.6,3,66,0.9,Bed Boundary
1709.26,24.83587,358.8156,292.8182,24.5,357,66,0.9,Bed Boundary
1709.76,14.08961,3.27778,297.2804,13.7,0,66,0.9,Bed Boundary
1710.261,13.91856,359.4358,292.4383,13.6,356,67,0.9,Bed Boundary
1710.761,14.57968,359.9093,291.9113,14.3,357,68,0.8,Bed Boundary
1711.259,11.73219,357.7233,288.7251,11.5,354,69,0.8,Bed Boundary
1711.759,10.08816,10.0103,301.0122,9.7,6,69,0.8,Bed Boundary
1712.26,13.40683,349.3388,279.3406,13.3,346,70,0.8,Bed Boundary
1712.76,11.31985,359.8806,287.8822,11.1,356,72,0.8,Bed Boundary
1713.26,11.7085,16.37917,302.3806,11.3,13,74,0.8,Bed Boundary
1713.761,10.93712,11.81441,296.8158,10.6,8,75,0.8,Bed Boundary
1714.261,11.52328,9.64133,295.6428,11.2,6,74,0.8,Bed Boundary
1715.259,12.44809,34.18239,325.1843,11.8,32,69,0.8,Bed Boundary
1715.76,5.89831,64.53861,356.5406,5.1,64,68,0.8,Bed Boundary
1716.26,22.87891,121.4615,52.46338,22.4,123,69,0.8,Bed Boundary
1716.761,8.78,3.93242,292.9341,8.5,359,71,0.8,Bed Boundary
1717.261,8.39438,7.13321,294.1348,8.1,2,73,0.8,Bed Boundary
1717.759,2.51442,322.9024,248.9039,2.9,308,74,0.8,Bed Boundary
1718.259,6.71027,193.2249,116.2262,7.1,199,77,0.8,Bed Boundary
1718.76,16.55634,187.4555,106.4563,16.8,190,81,0.8,Bed Boundary
1719.26,5.33906,22.01948,299.0201,5,14,83,0.8,Bed Boundary
1719.76,6.22875,13.16161,290.1623,6,6,83,0.8,Bed Boundary
1720.271,6.34105,14.00365,291.0043,6.1,7,83,0.8,Bed Boundary
1720.771,6.71565,19.39908,296.3997,6.4,13,83,0.8,Bed Boundary
1721.269,6.91442,18.21259,296.2133,6.6,12,82,0.8,Bed Boundary
1721.77,8.67844,359.2411,278.2419,8.6,354,81,0.8,Bed Boundary
1722.27,7.4803,7.01172,286.0126,7.3,1,81,0.8,Bed Boundary
1722.77,7.08622,20.73002,298.731,6.7,14,82,0.9,Bed Boundary
1723.271,7.54866,332.1125,250.1134,7.9,326,82,0.9,Bed Boundary
1723.771,6.0249,350.4514,269.4525,6.1,342,81,0.9,Bed Boundary
1724.269,3.48477,24.20308,302.204,3.1,10,82,0.9,Bed Boundary
1724.769,3.89831,80.92106,356.9218,3,80,84,0.9,Bed Boundary
1725.27,5.61643,353.0368,268.0374,5.7,345,85,0.8,Bed Boundary
1725.77,6.87053,8.57274,285.5734,6.7,2,83,0.8,Bed Boundary
1726.27,4.30235,18.22462,297.2255,4,8,81,0.8,Bed Boundary
1726.771,3.95738,16.34282,294.3436,3.7,5,82,0.8,Bed Boundary
1727.271,2.43922,44.7704,319.7709,1.9,29,85,0.8,Bed Boundary
1727.769,1.55899,72.99839,346.9988,0.8,60,86,0.8,Bed Boundary
1728.269,3.26828,12.09872,289.0994,3.1,358,83,0.8,Bed Boundary
1728.77,5.22511,12.58991,290.5907,5,4,82,0.8,Bed Boundary
1729.27,4.08038,0.20173,274.2021,4.1,349,86,0.8,Bed Boundary
1729.771,6.68787,339.1418,250.1419,7,333,89,0.8,Bed Boundary
1730.271,5.03307,12.08802,284.0882,4.9,3,88,0.8,Bed Boundary
1730.771,6.84632,33.72337,306.7237,6.4,28,87,0.8,Bed Boundary
1731.269,8.07351,39.077,312.0774,7.5,34,87,0.9,Bed Boundary
1732.27,7.26414,31.18954,301.1895,6.8,24,90,1,Bed Boundary
1732.77,6.06918,14.4133,284.4133,5.9,5,90,1,Bed Boundary
1733.281,4.30757,2.43643,272.4364,4.4,348,90,1.1,Bed Boundary
1733.781,3.36539,18.05451,288.0545,3.2,359,90,1.1,Bed Boundary
1734.279,4.11422,2.13319,273.1334,4.2,347,89,1.1,Bed Boundary
1734.779,3.13785,354.804,265.8042,3.4,336,89,1.1,Bed Boundary
1735.28,3.00511,351.3536,264.3541,3.3,332,87,1.1,Bed Boundary
1735.78,1.48625,37.49382,312.4948,1.1,350,85,1.1,Bed Boundary
1736.281,2.45245,37.72071,315.7224,1.8,10,82,1.2,Bed Boundary
1736.781,4.17871,17.40042,296.4024,3.8,1,81,1.2,Bed Boundary
1737.281,1.52151,317.6906,236.6925,2.4,293,81,1.2,Bed Boundary
1737.779,4.19747,0.77793,278.78,4.2,343,82,1.3,Bed Boundary
1738.28,3.85671,8.64042,286.6425,3.7,349,82,1.3,Bed Boundary
1738.78,3.30325,56.6423,334.6443,2.2,42,82,1.3,Bed Boundary
1739.28,3.05103,49.15117,326.153,2.1,29,83,1.3,Bed Boundary
1739.781,7.98939,76.28934,353.2911,6.7,75,83,1.3,Bed Boundary
1740.281,26.16562,164.3638,81.3656,26,167,83,1.3,Bed Boundary
1740.779,46.77781,175.7839,94.78619,46.9,177,81,1.3,Bed Boundary
1741.78,31.5611,134.2503,61.25385,31,136,73,1.2,Bed Boundary
1742.28,8.80609,4.46756,293.4714,8.4,357,71,1.2,Bed Boundary
1742.78,7.31471,25.86256,313.8657,6.6,19,72,1.1,Bed Boundary
1743.281,5.61755,41.74791,329.751,4.7,35,72,1.1,Bed Boundary
1743.781,4.753,36.23226,325.2355,3.9,27,71,1.1,Bed Boundary
1744.279,3.27707,46.81542,335.8181,2.4,37,71,1,Bed Boundary
1744.779,5.39332,7.12684,298.1298,5,357,69,1,Bed Boundary
1745.28,5.6658,9.32008,302.3232,5.2,0,67,1,Bed Boundary
1745.78,4.45956,39.79982,330.8022,3.7,33,69,0.9,Bed Boundary
1746.281,3.79542,29.16855,313.1699,3.3,19,76,0.8,Bed Boundary
1746.781,5.41342,20.00961,297.0103,5.1,12,83,0.8,Bed Boundary
1747.281,3.25313,38.52962,310.5298,2.8,26,88,0.8,Bed Boundary
1747.779,4.77339,43.8677,313.8677,4.2,35,90,0.9,Bed Boundary
1748.279,9.3027,23.26414,292.264,9,18,91,0.9,Bed Boundary
1748.78,6.41553,51.14754,316.1469,5.8,45,95,0.9,Bed Boundary
1749.28,4.67103,38.47721,299.4761,4.3,28,99,0.9,Bed Boundary
1749.781,2.2863,27.65486,287.6534,2.2,2,100,1,Bed Boundary
1761,60,35,35,60,35,0,0,Bed Boundary
1762,60,35,35,60,35,0,0,Bed Boundary
1762.999,60,35,35,60,35,0,0,Bed Boundary
1764,60,35,35,60,35,0,0,Bed Boundary
1765,60,35,35,60,35,0,0,Bed Boundary
1766.001,0,0,0,0,35,0,0,Bed Boundary
1766.999,0,0,0,0,35,0,0,Bed Boundary
1768,0,0,0,0,35,0,0,Bed Boundary
1769.001,0,0,0,0,35,0,0,Bed Boundary
1769.999,0,0,0,0,35,0,0,Bed Boundary
1771,0,0,0,0,35,0,0,Bed Boundary
1772,0,0,0,0,35,0,0,Bed Boundary
1772.999,0,0,0,0,35,0,0,Bed Boundary
1774,0,0,0,0,35,0,0,Bed Boundary
1775,0,0,0,0,35,0,0,Bed Boundary
1776.001,0,0,0,0,35,0,0,Bed Boundary
1776.999,0,0,0,0,35,0,0,Bed Boundary
1778,0,0,0,0,35,0,0,Bed Boundary
1779.001,0,0,0,0,35,0,0,Bed Boundary
1779.999,0,0,0,0,35,0,0,Bed Boundary
1781,2.1,35,35,2.1,35,0,0,Bed Boundary
1781.589,4.1,35,35,4.1,35,0,0,Bed Boundary
1782.249,6,35,35,6,35,0,0,Bed Boundary
1782.961,7.9,35,35,7.9,35,0,0,Bed Boundary
1783.69,9.6,35,35,9.6,35,0,0,Bed Boundary
1784.469,11.3,35,35,11.3,35,0,0,Bed Boundary
1785.3,12.9,35,35,12.9,35,0,0,Bed Boundary
1786.151,14.4,35,35,14.4,35,0,0,Bed Boundary
1787.05,16,35,35,16,35,0,0,Bed Boundary
1787.969,17.4,35,35,17.4,35,0,0,Bed Boundary
1788.93,18.7,35,35,18.7,35,0,0,Bed Boundary
1789.93,20.1,35,35,20.1,35,0,0,Bed Boundary
1790.959,21.4,35,35,21.4,35,0,0,Bed Boundary
1792.021,22.7,35,35,22.7,35,0,0,Bed Boundary
1793.11,23.9,35,35,23.9,35,0,0,Bed Boundary
1794.22,25.1,35,35,25.1,35,0,0,Bed Boundary
1795.381,26.3,35,35,26.3,35,0,0,Bed Boundary
1796.56,27.5,35,35,27.5,35,0,0,Bed Boundary
1797.769,28.7,35,35,28.7,35,0,0,Bed Boundary
1799.031,30.1,35,35,30.1,35,0,0,Bed Boundary
1800.301,31.2,35,35,31.2,35,0,0,Bed Boundary
1801.609,32.3,35,35,32.3,35,0,0,Bed Boundary
1802.869,32.3,35,35,32.3,35,0,0,Bed Boundary
1804.271,33.5,35,35,33.5,35,0,0,Bed Boundary
1805.269,0,0,0,0,35,0,0,Bed Boundary
1806.27,0,0,0,0,35,0,0,Bed Boundary
1807.271,0,0,0,0,35,0,0,Bed Boundary
1808.269,0,0,0,0,35,0,0,Bed Boundary
1809.27,0,0,0,0,35,0,0,Bed Boundary
1810.271,0,0,0,0,35,0,0,Bed Boundary
1811.269,0,0,0,0,35,0,0,Bed Boundary
1812.27,0,0,0,0,35,0,0,Bed Boundary
1813.27,0,0,0,0,35,0,0,Bed Boundary
1814.271,0,0,0,0,35,0,0,Bed Boundary
1815.269,0,0,0,0,35,0,0,Bed Boundary
1816.27,0,0,0,0,35,0,0,Bed Boundary
1817.271,0,0,0,0,35,0,0,Bed Boundary
1818.269,0,0,0,0,35,0,0,Bed Boundary
1819.27,0,0,0,0,35,0,0,Bed Boundary
1820.271,60,35,35,60,35,0,0,Bed Boundary
1821.269,60,35,35,60,35,0,0,Bed Boundary
1822.27,60,35,35,60,35,0,0,Bed Boundary
1823.27,60,35,35,60,35,0,0,Bed Boundary
1824.271,60,35,35,60,35,0,0,Bed Boundary
1829.58,15.78281,262.4283,21.86929,7.6,12,242,19.6,Bed Boundary
1830.08,16.69612,258.2645,17.70541,6.2,8,242,19.6,Bed Boundary
1830.591,16.12387,261.6926,21.13358,7.3,10,242,19.6,Bed Boundary
1831.091,16.81779,241.5703,1.01123,2.8,56,242,19.6,Bed Boundary
1832.089,24.23075,242.6806,2.13684,4.6,253,242,19.7,Bed Boundary
1832.6,18.85707,249.5898,9.04605,3.1,352,242,19.7,Bed Boundary
1833.1,18.41521,248.5163,7.9725,2.9,2,242,19.7,Bed Boundary
1833.601,15.20088,240.2446,359.7008,4.5,63,242,19.7,Bed Boundary
1834.111,15.45298,238.2993,357.7555,4.3,70,242,19.7,Bed Boundary
1834.609,13.63997,214.4109,333.8672,9.5,101,242,19.7,Bed Boundary
1835.109,14.65445,254.0462,13.50244,6.4,30,242,19.7,Bed Boundary
1836.12,20.9991,289.4637,48.91989,16.6,351,242,19.7,Bed Boundary
1836.621,15.10362,239.9283,359.3845,4.6,64,242,19.7,Bed Boundary
1837.121,15.50081,240.2697,359.726,4.2,63,242,19.7,Bed Boundary
1837.629,15.90285,240.0601,359.5164,3.8,64,242,19.7,Bed Boundary
1838.129,15.3013,245.0551,4.51132,4.6,47,242,19.7,Bed Boundary
1840.649,22.53589,245.7623,5.21851,3.4,278,242,19.7,Bed Boundary
1841.15,20.68748,229.8972,349.3534,3.8,162,242,19.7,Bed Boundary
1841.65,18.89457,232.7386,352.1948,2.7,131,242,19.7,Bed Boundary
1842.15,11.20895,239.0231,358.4794,8.5,64,242,19.7,Bed Boundary
1842.661,30.47216,228.9118,348.368,11.8,212,242,19.7,Bed Boundary
1843.161,21.83476,219.5497,339.006,7.7,158,242,19.7,Bed Boundary
1845.671,20.1997,240.4932,359.9495,0.5,240,242,19.7,Bed Boundary
1846.679,20.17667,218.1737,337.6299,7.6,145,242,19.7,Bed Boundary
1848.19,21.97451,241.5051,0.9613,2.3,251,242,19.7,Bed Boundary
1850.199,13.81165,239.2153,358.687,6,65,242,19.8,Bed Boundary
1850.7,19.55534,245.2254,4.69699,1.6,343,242,19.8,Bed Boundary
1851.21,19.66748,244.0611,3.53275,1.2,340,242,19.8,Bed Boundary
1852.211,22.23776,245.4125,4.88406,3,280,242,19.8,Bed Boundary
1853.22,29.23057,254.4483,13.91986,11,280,242,19.8,Bed Boundary
1853.72,28.32487,262.0138,21.48544,12.1,298,242,19.8,Bed Boundary
1854.22,28.47037,263.363,22.83466,12.6,300,242,19.8,Bed Boundary
1854.721,29.70636,259.1567,18.62833,12.5,289,242,19.8,Bed Boundary
1855.221,26.73686,259.3823,18.85388,10.1,298,242,19.8,Bed Boundary
1855.729,26.69935,251.4069,10.87848,8.1,279,242,19.8,Bed Boundary
1856.229,27.1458,249.7936,9.2652,8.2,273,242,19.8,Bed Boundary
1856.73,25.91292,259.827,19.29858,9.6,302,242,19.8,Bed Boundary
1857.24,26.1321,262.755,22.24207,10.6,307,242,19.9,Bed Boundary
1857.741,23.66128,254.2104,13.69745,6.3,302,242,19.9,Bed Boundary
1858.241,30.97426,246.9602,6.44724,11.4,259,242,19.9,Bed Boundary
1858.739,31.70279,245.6189,5.10602,12,255,242,19.9,Bed Boundary
1859.25,39.14053,255.0319,14.51898,20.4,269,242,19.9,Bed Boundary
1859.75,27.2988,253.036,12.52304,8.9,282,242,19.9,Bed Boundary
1860.25,29.23728,254.3024,13.78943,10.9,280,242,19.9,Bed Boundary
1860.761,28.93958,253.1796,12.66672,10.4,278,242,19.9,Bed Boundary
1861.261,29.03065,253.2648,12.75192,10.5,278,242,19.9,Bed Boundary
1861.759,28.41138,256.8191,17.33887,11,289,241,19.9,Bed Boundary
1862.27,27.76833,257.3493,17.86905,10.6,292,241,19.9,Bed Boundary
1862.77,30.07702,271.1785,31.69827,16.5,309,241,19.9,Bed Boundary
1863.27,29.48629,271.6632,32.18295,16.2,311,241,19.9,Bed Boundary
1864.281,27.4853,262.7147,23.23447,11.9,303,241,19.9,Bed Boundary
1864.779,26.33636,259.9135,20.43326,10.2,302,241,19.9,Bed Boundary
1865.28,26.2623,259.7618,20.28162,10.1,302,241,19.9,Bed Boundary
1865.79,25.60183,263.5273,24.04706,10.8,311,241,19.9,Bed Boundary
1866.29,23.40523,266.0166,26.53638,10.3,324,241,19.9,Bed Boundary
1868.31,26.14355,267.6565,28.17627,12.5,315,241,19.9,Bed Boundary
1869.31,34.50327,266.3383,26.8739,18.7,294,241,20,Bed Boundary
1869.811,35.2441,269.7438,30.27948,20.3,298,241,20,Bed Boundary
1870.319,37.8976,263.373,23.9086,21,285,241,20,Bed Boundary
1870.791,16.71846,147.5003,270.4271,27.2,98,239,21.9,Bed Boundary
1871.79,20.21261,128.6696,251.5964,33.9,95,239,21.9,Bed Boundary
1872.8,25.63094,199.8519,322.7971,15.2,145,239,22,Bed Boundary
1873.301,25.27571,208.439,331.4027,11.8,151,239,22.1,Bed Boundary
1873.801,25.37748,205.9093,328.873,12.8,149,239,22.1,Bed Boundary
1874.309,25.18819,206.7344,329.6981,12.4,149,239,22.1,Bed Boundary
1874.81,27.37159,251.3674,14.34973,7.9,295,239,22.2,Bed Boundary
1875.31,27.27618,249.6379,12.62018,7.3,291,239,22.2,Bed Boundary
1875.81,27.46453,251.1475,14.12982,7.9,294,239,22.2,Bed Boundary
1876.321,28.27807,251.5998,14.60077,8.6,292,239,22.3,Bed Boundary
1877.319,35.23068,262.7366,25.75635,17.6,295,239,22.4,Bed Boundary
1877.83,34.55627,261.3473,24.36707,16.6,294,239,22.4,Bed Boundary
1878.83,32.9,236.999,0,10.6,239,239,22.3,Bed Boundary
1879.341,33,236.999,0,10.7,239,239,22.3,Bed Boundary
1879.839,31.8958,237.6553,0.63763,9.7,241,239,22.2,Bed Boundary
1880.339,26.81566,239.1173,2.11823,4.6,251,239,22.3,Bed Boundary
1880.839,26.54727,245.0986,8.09961,5.4,281,239,22.3,Bed Boundary
1881.35,30.73887,239.3056,2.30658,8.5,247,239,22.3,Bed Boundary
1881.85,33.76353,244.7036,7.70456,12,260,239,22.3,Bed Boundary
1882.351,33.56069,245.3794,8.38037,11.9,262,239,22.3,Bed Boundary
1882.859,34.34758,244.882,7.90176,12.5,260,239,22.4,Bed Boundary
1883.359,34.54501,244.1751,7.19489,12.6,258,239,22.4,Bed Boundary
1883.86,34.73872,239.6125,2.63223,12.4,246,239,22.4,Bed Boundary
1884.36,35.19601,240.4541,3.47382,12.9,248,239,22.4,Bed Boundary
1884.87,33.52534,239.7857,2.80542,11.2,247,239,22.4,Bed Boundary
1885.371,34.24334,243.284,6.30377,12.2,256,239,22.4,Bed Boundary
1885.871,32.84564,239.286,2.32465,10.4,246,239,22.5,Bed Boundary
1886.379,32.33147,239.5257,2.5643,9.9,247,239,22.5,Bed Boundary
1886.88,36.13652,245.9885,9.02719,14.3,261,239,22.5,Bed Boundary
1887.38,32.16703,243.43,6.46869,10.1,259,239,22.5,Bed Boundary
1887.891,31.89579,242.3109,5.34958,9.7,256,239,22.5,Bed Boundary
1888.391,32.02295,240.9993,4.05695,9.6,252,239,22.6,Bed Boundary
1888.889,25.41991,244.273,7.33066,4.1,289,239,22.6,Bed Boundary
1889.389,33.16294,240.6556,3.71326,10.7,250,239,22.6,Bed Boundary
1889.9,33.95223,243.0363,6.09387,11.7,256,239,22.6,Bed Boundary
1890.4,33.69732,242.5779,5.63553,11.4,255,239,22.6,Bed Boundary
1890.901,35.3146,241.548,4.60559,12.9,251,239,22.6,Bed Boundary
1891.909,30.77587,257.2527,20.32941,12.1,297,239,22.7,Bed Boundary
1892.409,31.13643,255.7451,18.82181,11.9,293,239,22.7,Bed Boundary
1892.91,31.48388,253.8157,16.8924,11.6,288,239,22.7,Bed Boundary
1893.42,35.08538,244.557,7.63373,12.9,259,239,22.7,Bed Boundary
1893.921,33.07621,245.4971,8.57385,11.1,264,239,22.7,Bed Boundary
1894.421,33.67295,243.5882,6.66492,11.4,258,239,22.7,Bed Boundary
1894.921,32.80971,247.8544,10.95029,11.2,271,239,22.8,Bed Boundary
1895.419,32.75947,244.1518,7.24771,10.5,261,239,22.8,Bed Boundary
1895.93,28.16444,264.0073,27.10315,12.7,317,239,22.8,Bed Boundary
1896.43,30.05899,252.5339,15.62973,10,290,239,22.8,Bed Boundary
1896.93,29.45652,252.4519,15.54776,9.5,292,239,22.8,Bed Boundary
1897.441,31.12824,252.2767,15.37256,10.8,286,239,22.8,Bed Boundary
1897.939,33.13957,249.5864,12.70154,11.8,275,239,22.9,Bed Boundary
1898.439,33.3527,247.7424,10.85754,11.6,270,239,22.9,Bed Boundary
1898.94,33.42634,245.1303,8.24548,11.2,263,239,22.9,Bed Boundary
1899.45,25.0371,242.074,5.18912,3,286,239,22.9,Bed Boundary
1899.95,25.72011,243.084,6.19916,3.8,284,239,22.9,Bed Boundary
1900.451,21.31795,243.3493,6.46451,2.9,5,239,22.9,Bed Boundary
1900.959,36.51372,240.0604,3.1756,13.7,247,239,22.9,Bed Boundary
1901.459,39.24562,239.5234,2.65793,16.3,245,239,23,Bed Boundary
1901.96,38.78523,242.1147,5.24921,16,251,239,23,Bed Boundary
1902.46,38.45099,242.4831,5.61761,15.7,252,239,23,Bed Boundary
1902.971,24.94236,255.2857,18.4202,7.7,323,239,23,Bed Boundary
1903.471,24.71508,253.9632,17.09775,7.1,323,239,23,Bed Boundary
1903.969,28.87391,238.1405,1.27502,5.9,245,239,23,Bed Boundary
1904.479,28.73733,233.6934,356.8279,5.9,224,239,23,Bed Boundary
1904.98,30.92607,234.4482,357.6022,7.9,230,239,23.1,Bed Boundary
1905.48,34.55455,246.3227,9.47675,12.3,265,239,23.1,Bed Boundary
1905.991,30.58884,246.3038,9.45786,8.6,273,239,23.1,Bed Boundary
1906.491,29.69921,236.614,359.768,6.6,238,239,23.1,Bed Boundary
1906.989,27.83887,238.6291,1.78308,4.8,249,239,23.1,Bed Boundary
1907.489,35.9675,238.7445,1.8985,12.9,244,239,23.1,Bed Boundary
1908,28.04062,242.9833,6.13733,5.6,270,239,23.1,Bed Boundary
1908.5,36.0412,241.0612,4.21527,13.1,250,239,23.1,Bed Boundary
1909,36.63423,239.5592,2.73279,13.5,246,239,23.2,Bed Boundary
1909.511,23.8159,244.9607,8.13428,3.3,322,239,23.2,Bed Boundary
1910.009,26.23873,246.0433,9.21686,4.9,295,239,23.2,Bed Boundary
1910.509,25.22551,247.4585,10.63208,4.8,309,239,23.2,Bed Boundary
1911.01,21.85211,249.966,13.13959,5.2,350,239,23.2,Bed Boundary
1912.021,34.34759,254.7915,17.96509,14,285,239,23.2,Bed Boundary
1912.521,36.04814,252.7678,15.96112,14.9,278,239,23.3,Bed Boundary
1913.029,33.35066,250.4599,13.65323,11.9,278,239,23.3,Bed Boundary
1913.529,21.30306,252.0486,15.24182,6.1,355,239,23.3,Bed Boundary
1914.03,28.86868,233.0982,356.2915,5.8,221,239,23.3,Bed Boundary
1914.53,23.82585,241.1142,4.30743,1.8,314,239,23.3,Bed Boundary
1915.041,44.79476,243.5666,6.7796,21.7,252,239,23.4,Bed Boundary
1915.541,38.02687,246.4838,9.69684,15.4,262,239,23.4,Bed Boundary
1917.55,45.7337,233.5983,356.8113,22.4,233,239,23.4,Bed Boundary
1918.551,23.15211,254.0389,17.25195,6.8,339,239,23.4,Bed Boundary
1919.059,28.09487,232.8115,356.0246,5,217,239,23.4,Bed Boundary
1919.559,35.80502,228.0802,351.2933,13.1,216,239,23.4,Bed Boundary
1920.06,37.20149,232.015,355.228,14,227,239,23.4,Bed Boundary
1920.56,46.79811,236.2421,359.4552,23.4,238,239,23.4,Bed Boundary
1921.071,41.34172,239.5898,2.80292,18,245,239,23.4,Bed Boundary
1921.571,36.72328,252.1883,15.40131,15.3,276,239,23.4,Bed Boundary
1922.069,31.79971,255.2432,18.45627,11.9,293,239,23.4,Bed Boundary
1922.579,33.57796,252.2665,15.47955,12.5,282,239,23.4,Bed Boundary
1923.08,35.89812,248.8814,12.09448,13.8,270,239,23.4,Bed Boundary
1923.58,35.18861,247.1852,10.39828,12.8,267,239,23.4,Bed Boundary
1924.091,36.17025,244.3714,7.60437,13.2,259,239,23.5,Bed Boundary
1925.089,46.92848,258.6936,21.92651,26.3,277,239,23.5,Bed Boundary
1925.589,43.69283,251.2554,14.48831,21.6,267,239,23.5,Bed Boundary
1926.1,37.87678,250.4446,13.67749,15.9,271,239,23.5,Bed Boundary
1926.6,37.96202,251.4587,14.69165,16.2,273,239,23.5,Bed Boundary
1927.101,37.49235,249.2863,12.51923,15.3,269,239,23.5,Bed Boundary
1927.611,34.99053,255.8136,19.06656,14.6,287,239,23.6,Bed Boundary
1928.109,36.76693,253.4245,16.67746,15.5,279,239,23.6,Bed Boundary
1928.609,36.75274,251.0165,14.26938,14.9,274,239,23.6,Bed Boundary
1929.11,37.08255,252.6842,15.93713,15.6,277,239,23.6,Bed Boundary
1929.62,38.12378,248.1528,11.40576,15.6,266,239,23.6,Bed Boundary
1930.121,37.18597,245.1104,8.36331,14.2,260,239,23.6,Bed Boundary
1930.621,36.73682,242.1254,5.37833,13.4,253,239,23.6,Bed Boundary
1931.129,37.00459,243.401,6.65387,13.8,256,239,23.6,Bed Boundary
1931.629,38.28048,243.809,7.06195,15.1,256,239,23.6,Bed Boundary
1932.13,37.17194,247.5707,10.84369,14.5,266,239,23.7,Bed Boundary
1932.63,37.12946,249.3162,12.58923,14.8,270,239,23.7,Bed Boundary
1933.141,34.55421,263.1334,26.40643,16.6,301,239,23.7,Bed Boundary
1933.641,31.82534,267.6646,30.93756,16.3,314,239,23.7,Bed Boundary
1934.139,32.91184,273.1783,36.45132,19.2,318,239,23.7,Bed Boundary
1935.15,39.37287,256.761,20.05426,18.6,282,239,23.8,Bed Boundary
1935.65,39.93478,254.4245,17.71771,18.5,277,239,23.8,Bed Boundary
1936.161,41.04344,255.1318,18.42499,19.7,277,239,23.8,Bed Boundary
1936.661,34.23137,219.7289,343.0221,13.2,193,239,23.8,Bed Boundary
1937.159,42.54016,249.9838,13.27698,20,266,239,23.8,Bed Boundary
1937.659,41.15513,247.8967,11.18994,18.3,263,239,23.8,Bed Boundary
1938.17,38.39787,247.6478,10.94098,15.6,265,239,23.8,Bed Boundary
1938.67,34.42617,239.3265,2.61969,10.7,247,239,23.8,Bed Boundary
1939.171,37.68123,224.7829,348.0761,15.1,210,239,23.8,Bed Boundary
1940.179,41.75091,262.826,26.11914,22.5,289,239,23.8,Bed Boundary
1940.679,34.10789,232.5144,355.8076,10.5,226,239,23.8,Bed Boundary
1941.18,39.86195,238.8679,2.16113,16.1,244,239,23.8,Bed Boundary
1941.69,37.67771,246.4286,9.72174,14.7,263,239,23.8,Bed Boundary
1942.191,43.74198,247.7995,11.09271,20.8,261,239,23.8,Bed Boundary
1942.691,41.5802,244.1602,7.45343,18.2,255,239,23.8,Bed Boundary
1943.199,42.34005,239.5442,2.83734,18.6,245,239,23.8,Bed Boundary
1943.699,46.10894,233.012,356.3052,22.4,232,239,23.8,Bed Boundary
1944.2,42.71745,233.3506,356.664,18.9,232,239,23.9,Bed Boundary
1944.7,39.50732,228.9451,352.2585,16.1,221,239,23.9,Bed Boundary
1945.211,33.71157,239.4641,2.77762,9.9,248,239,23.9,Bed Boundary
1945.711,33.01624,239.3174,2.63092,9.2,248,239,23.9,Bed Boundary
1946.209,36.66775,243.4727,6.78613,13.2,257,239,23.9,Bed Boundary
1946.719,33.84895,243.0505,6.36401,10.4,259,239,23.9,Bed Boundary
1947.22,29.98884,254.9157,18.22919,10.2,301,239,23.9,Bed Boundary
1947.72,30.27946,198.1984,321.5119,18.3,151,239,23.9,Bed Boundary
1948.231,37.87135,228.2248,351.5382,14.6,218,239,23.9,Bed Boundary
1948.731,41.16882,242.1364,5.44989,17.5,251,239,23.9,Bed Boundary
1949.729,35.73461,242.7593,6.07275,12.2,256,239,23.9,Bed Boundary
1950.24,34.91319,244.1641,7.49796,11.5,261,239,24,Bed Boundary
1950.74,36.88121,256.5417,19.87558,16.2,286,239,24,Bed Boundary
1952.249,42.60389,254.711,18.04483,20.9,275,239,24,Bed Boundary
1952.75,44.17057,254.3955,17.72934,22.3,273,239,24,Bed Boundary
1953.25,44.54942,254.4836,17.83795,22.6,273,239,24.1,Bed Boundary
1953.76,44.57406,255.6653,19.01965,22.9,275,239,24.1,Bed Boundary
1954.261,51.0203,261.381,24.73532,30.4,279,239,24.1,Bed Boundary
1954.761,51.04987,263.496,26.8504,31,282,239,24.1,Bed Boundary
1956.27,41.70317,241.6276,5.00259,17.7,250,239,24.2,Bed Boundary
1956.78,41.52634,256.0882,19.46317,20.1,279,239,24.2,Bed Boundary
1957.281,41.45727,254.3788,17.75372,19.6,276,239,24.2,Bed Boundary
1957.781,41.27172,254.2658,17.64075,19.4,276,239,24.2,Bed Boundary
1958.279,43.44621,262.2605,25.63544,23.6,287,239,24.2,Bed Boundary
1958.79,41.84905,267.6005,30.99612,23.9,297,239,24.3,Bed Boundary
1959.29,48.98461,261.552,24.94766,28.4,281,239,24.3,Bed Boundary
1959.79,37.70523,260.267,23.66266,17.9,292,239,24.3,Bed Boundary
1960.301,37.97812,246.1303,9.52594,14.5,263,239,24.3,Bed Boundary
1960.801,34.34796,245.3561,8.75174,10.9,266,239,24.3,Bed Boundary
1961.299,43.12108,250.7598,14.1763,20.2,268,239,24.4,Bed Boundary
1961.799,44.26954,251.2635,14.67996,21.4,268,239,24.4,Bed Boundary
1962.31,44.83507,254.3289,17.7453,22.6,273,239,24.4,Bed Boundary
1962.81,44.72205,256.0223,19.43878,22.9,276,239,24.4,Bed Boundary
1963.311,47.96486,269.3574,32.77386,29.8,293,239,24.4,Bed Boundary
1963.819,38.95024,268.0339,31.45032,21.6,302,239,24.4,Bed Boundary
1964.319,39.28692,258.687,22.10345,18.7,287,239,24.4,Bed Boundary
1964.82,48.55076,239.2841,2.72144,24.1,244,239,24.5,Bed Boundary
1965.32,44.8144,245.5611,8.99844,20.9,257,239,24.5,Bed Boundary
1965.83,44.91671,247.6743,11.11163,21.3,261,239,24.5,Bed Boundary
1966.331,44.65267,248.643,12.08038,21.2,263,239,24.5,Bed Boundary
1966.831,44.6241,247.5803,11.0177,21,261,239,24.5,Bed Boundary
1967.339,44.21297,246.9311,10.36844,20.5,260,239,24.5,Bed Boundary
1967.84,43.23636,246.62,10.05734,19.5,260,239,24.5,Bed Boundary
1968.34,41.15665,245.453,8.89032,17.3,259,239,24.5,Bed Boundary
1968.84,31.61543,240.9169,4.35425,7.4,257,239,24.5,Bed Boundary
1969.351,32.41833,251.1951,14.63245,10.5,287,239,24.5,Bed Boundary
1969.849,29.7772,231.2621,354.6995,5.8,212,239,24.5,Bed Boundary
1970.349,35.05539,224.8842,348.3216,12,205,239,24.5,Bed Boundary
1970.86,45.43706,242.6202,6.05756,21.2,251,239,24.5,Bed Boundary
1971.86,47.37733,240.8008,4.23816,23,247,239,24.5,Bed Boundary
1972.371,46.43274,239.6605,3.0979,22,245,239,24.5,Bed Boundary
1972.869,45.1443,243.5875,7.0249,21,253,239,24.5,Bed Boundary
1973.369,42.76907,243.1424,6.55887,18.7,253,239,24.4,Bed Boundary
1973.87,37.26407,252.7447,16.16116,15.2,279,239,24.4,Bed Boundary
1974.38,41.36016,238.7936,2.21002,17,244,239,24.4,Bed Boundary
1974.88,44.39295,237.5612,0.97766,20,241,239,24.4,Bed Boundary
1975.381,44.69822,237.0768,0.49323,20.3,240,239,24.4,Bed Boundary
1975.889,35.45699,238.5716,1.98804,11.1,245,239,24.4,Bed Boundary
1976.389,56.8843,272.9793,36.39575,39.1,291,239,24.4,Bed Boundary
1977.39,44.35681,241.0356,4.43127,20.2,248,239,24.3,Bed Boundary
1977.901,44.46579,249.2639,12.65961,21.3,264,239,24.3,Bed Boundary
1978.401,28.87013,240.568,3.96368,4.9,262,239,24.3,Bed Boundary
1978.899,39.90786,252.8897,16.26465,17.8,275,239,24.2,Bed Boundary
1979.409,36.65582,262.9639,26.33887,18,298,239,24.2,Bed Boundary
1979.91,47.18394,266.8833,30.25827,28.4,290,239,24.2,Bed Boundary
1980.921,48.03712,254.8502,18.20453,26,271,239,24.1,Bed Boundary
1981.919,45.77592,247.6786,11.03293,22.5,260,239,24.1,Bed Boundary
1982.419,46.74957,245.7441,9.09845,23.2,256,239,24.1,Bed Boundary
1982.93,43.50032,251.1971,14.55148,20.9,268,239,24.1,Bed Boundary
1983.43,42.87226,253.1811,16.51498,20.8,272,239,24,Bed Boundary
1983.941,40.19653,255.9919,19.32578,19,280,239,24,Bed Boundary
1984.441,41.17371,252.291,15.62488,19,272,239,24,Bed Boundary
1985.449,50.86789,264.2194,27.55322,31.1,283,239,24,Bed Boundary
1988.97,11.47006,308.9751,72.28854,23,30,239,23.9,Bed Boundary
1989.47,9.44393,266.8913,30.2048,16.4,42,239,23.9,Bed Boundary
1989.971,15.62544,147.9896,271.3031,28,94,239,23.9,Bed Boundary
1990.481,17.8524,160.3437,283.6572,25.9,102,239,23.9,Bed Boundary
1990.979,55.16977,248.1939,11.50735,32,257,239,23.9,Bed Boundary
1991.479,55.48155,248.9099,12.22336,32.4,258,239,23.9,Bed Boundary
1991.98,52.24938,252.0429,15.35635,29.7,264,239,23.9,Bed Boundary
1992.49,46.91093,245.3978,8.69098,23.6,255,239,23.8,Bed Boundary
1992.991,47.52198,243.2908,6.58398,24,251,239,23.8,Bed Boundary
1993.491,47.76524,242.771,6.06415,24.2,250,239,23.8,Bed Boundary
1993.999,42.75782,239.1022,2.39542,19,244,239,23.8,Bed Boundary
1994.499,41.8,236.727,0,18.1,239,239,23.7,Bed Boundary
1995,42.43979,239.5883,2.86133,18.8,245,239,23.7,Bed Boundary
1995.5,41.95881,239.1053,2.35822,18.4,244,239,23.6,Bed Boundary
1996.011,48.01667,244.5931,7.84604,24.8,253,239,23.6,Bed Boundary
1996.511,46.74938,246.0893,9.32224,23.8,256,239,23.5,Bed Boundary
1997.009,41.99835,236.2929,359.5258,18.5,238,239,23.5,Bed Boundary
1997.52,42.27334,234.8519,358.0848,18.8,235,239,23.5,Bed Boundary
1998.02,43.88425,238.302,1.51508,20.5,242,239,23.4,Bed Boundary
1998.52,42.9,236.7869,0,19.5,239,239,23.4,Bed Boundary
1999.031,45.98018,244.8714,8.08444,23,254,239,23.4,Bed Boundary
1999.531,44.24402,242.9452,6.15826,21.1,251,239,23.4,Bed Boundary
2000.029,44.54796,244.0481,7.26114,21.5,253,239,23.4,Bed Boundary
2000.529,45.08957,244.6897,7.90277,22.1,254,239,23.4,Bed Boundary
2001.04,42.82969,241.7024,4.91541,19.6,249,239,23.4,Bed Boundary
2001.54,47.32336,243.444,6.65704,24.2,251,239,23.4,Bed Boundary
2002.041,50.68282,249.431,12.64404,28.2,260,239,23.4,Bed Boundary
2002.551,50.79599,251.4064,14.59967,28.7,263,239,23.3,Bed Boundary
2003.049,47.23133,253.9863,17.17957,25.7,269,239,23.3,Bed Boundary
2003.549,47.94146,253.0175,16.21082,26.2,267,239,23.3,Bed Boundary
2004.05,45.49916,248.6984,11.89169,23.1,261,239,23.3,Bed Boundary
2004.56,44.07246,249.9826,13.15619,22,264,239,23.2,Bed Boundary
2005.071,41.85909,247.1021,10.27563,19.4,260,239,23.2,Bed Boundary
2005.569,39.64093,254.9456,18.1192,18.8,277,239,23.2,Bed Boundary
2006.069,42.43279,257.8293,21.00293,22.1,279,239,23.2,Bed Boundary
2006.57,52.38181,255.2013,18.37494,31,268,239,23.2,Bed Boundary
2007.08,52.77234,255.3962,18.55026,31.5,268,239,23.1,Bed Boundary
2007.58,50.94501,258.1498,21.30386,30.3,273,239,23.1,Bed Boundary
2008.589,41.61174,253.9972,17.15125,20.5,273,239,23.1,Bed Boundary
2009.089,41.51737,253.9474,17.10138,20.4,273,239,23.1,Bed Boundary
2009.59,45.00764,246.5324,9.66693,22.6,257,239,23,Bed Boundary
2010.09,48.34137,242.0372,5.17175,25.5,248,239,23,Bed Boundary
2010.6,50.8333,231.43,354.5645,28,230,239,23,Bed Boundary
2011.101,50.33487,231.4812,354.6157,27.5,230,239,23,Bed Boundary
2011.599,42.95266,242.9134,6.04791,20.2,251,239,23,Bed Boundary
2013.11,40.13636,251.2847,14.3999,18.7,269,239,22.9,Bed Boundary
2013.621,39.94416,251.2867,14.38254,18.6,269,239,22.8,Bed Boundary
2014.121,43.62976,256.5123,19.60822,23.2,275,239,22.8,Bed Boundary
2014.619,44.8531,251.7157,14.81155,23.4,266,239,22.8,Bed Boundary
2015.119,45.8734,248.5738,11.66971,23.9,260,239,22.8,Bed Boundary
2015.63,45.9226,246.7776,8.836,23.6,256,240,22.8,Bed Boundary
2016.13,46.02159,246.8526,8.89215,23.8,256,240,22.7,Bed Boundary
2016.63,44.64645,245.4666,7.5061,22.3,254,240,22.7,Bed Boundary
2017.141,34.98875,236.8464,358.8859,12.3,237,240,22.7,Bed Boundary
2017.639,40.28882,244.5635,6.60297,17.9,254,240,22.7,Bed Boundary
2018.64,49.45006,234.9874,357.0458,26.7,235,240,22.8,Bed Boundary
2019.651,49.08216,239.7001,1.75848,26.3,243,240,22.8,Bed Boundary
2020.151,45.31721,232.5336,354.5919,22.7,230,240,22.8,Bed Boundary
2020.659,39.04907,233.4781,355.5365,16.4,230,240,22.8,Bed Boundary
2021.159,38.77913,233.9699,356.0283,16.1,231,240,22.8,Bed Boundary
2021.66,48.35679,252.7143,14.77264,26.8,265,240,22.8,Bed Boundary
2022.16,51.4585,257.5862,19.64459,30.7,271,240,22.8,Bed Boundary
2022.671,51.13593,258.2302,20.26971,30.6,272,240,22.7,Bed Boundary
2023.171,50.97757,257.5009,19.54041,30.3,271,240,22.7,Bed Boundary
2023.669,50.81283,260.1586,22.19812,30.7,275,240,22.7,Bed Boundary
2025.691,45.93336,241.2592,3.29874,23.3,246,240,22.7,Bed Boundary
2026.191,51.06858,250.3466,12.38611,29.2,260,240,22.7,Bed Boundary
2026.689,47.00699,241.9073,3.94678,24.4,247,240,22.7,Bed Boundary
2027.199,46.93183,241.3679,3.38864,24.4,246,240,22.6,Bed Boundary
2028.711,26.52856,257.3239,19.34457,8.9,313,240,22.6,Bed Boundary
2029.211,40.85478,264.8463,26.86697,22.7,290,240,22.6,Bed Boundary
2029.709,43.34843,263.9492,25.96991,24.7,286,240,22.6,Bed Boundary
2030.219,43.62311,261.5024,23.5231,24.3,282,240,22.6,Bed Boundary
2030.72,44.93967,251.2719,13.27396,23.5,264,240,22.5,Bed Boundary
2031.22,46.98849,253.7334,15.7355,25.9,267,240,22.5,Bed Boundary
2031.731,48.02486,257.9079,19.90991,27.7,273,240,22.5,Bed Boundary
2032.231,49.33141,253.8474,15.84949,28.2,266,240,22.5,Bed Boundary
2032.729,44.05584,240.6728,2.65625,21.7,245,240,22.4,Bed Boundary
2033.229,43.91369,241.7252,3.70871,21.6,247,240,22.4,Bed Boundary
2033.74,47.97178,245.6178,7.60132,25.9,253,240,22.4,Bed Boundary
2034.24,47.56934,240.3497,2.31476,25.3,244,240,22.3,Bed Boundary
2034.741,41.98109,212.6418,334.6069,23.5,194,240,22.3,Bed Boundary
2035.251,42.08967,211.9115,333.8766,23.8,193,240,22.3,Bed Boundary
2035.749,39.52498,211.1944,333.1594,21.7,189,240,22.3,Bed Boundary
2036.249,37.96509,246.5954,8.54205,16.3,259,240,22.2,Bed Boundary
2037.761,42.38892,250.0965,12.04312,21.1,263,240,22.2,Bed Boundary
2038.261,42.85713,249.7692,11.69754,21.6,262,240,22.1,Bed Boundary
2038.769,43.78871,248.9277,10.85611,22.4,260,240,22.1,Bed Boundary
2039.27,46.8143,247.3341,9.26248,25.2,256,240,22.1,Bed Boundary
2039.77,46.8143,247.3341,9.26248,25.2,256,240,22.1,Bed Boundary
2040.28,47.21027,247.4116,9.34003,25.6,256,240,22.1,Bed Boundary
2041.281,45.92427,253.7576,15.66779,25.3,267,240,22,Bed Boundary
2041.779,43.00281,248.7753,10.68546,21.7,260,240,22,Bed Boundary
2042.29,42.71328,245.9848,7.89499,21.1,255,240,22,Bed Boundary
2042.79,43.92349,247.905,9.81525,22.5,258,240,22,Bed Boundary
2043.29,40.62121,234.6495,356.5416,18.8,233,240,21.9,Bed Boundary
2044.301,42.45976,256.7684,18.64258,22.7,274,240,21.8,Bed Boundary
2044.799,39.45227,252.5084,14.38254,19,269,240,21.8,Bed Boundary
2045.299,35.54084,247.4294,9.28568,14.5,262,240,21.7,Bed Boundary
2045.81,33.41716,262.3474,24.20361,16,295,240,21.7,Bed Boundary
2046.31,40.02662,252.9556,14.79404,19.8,269,240,21.6,Bed Boundary
2046.811,39.89215,250.7411,12.57953,19.3,265,240,21.6,Bed Boundary
2047.319,41.72293,250.8712,12.70969,21.1,264,240,21.6,Bed Boundary
2047.819,41.1541,251.2997,13.12045,20.7,265,240,21.5,Bed Boundary
2048.32,40.94349,250.674,12.49472,20.4,264,240,21.5,Bed Boundary
2048.82,44.57648,249.5203,11.34109,23.8,260,240,21.5,Bed Boundary
2049.33,49.10345,244.3298,6.15054,27.8,250,240,21.5,Bed Boundary
2049.831,49.95012,249.5015,11.3223,29.1,258,240,21.5,Bed Boundary
2050.331,50.2289,252.8132,14.63397,29.8,263,240,21.5,Bed Boundary
2050.839,51.08204,266.2551,28.09354,33.2,282,240,21.6,Bed Boundary
2052.851,38.02547,278.0074,39.82822,25,309,240,21.5,Bed Boundary
2053.351,36.34199,273.1503,34.95343,22,305,240,21.4,Bed Boundary
2053.849,34.71059,259.5907,21.39386,16.5,287,240,21.4,Bed Boundary
2054.36,37.05649,242.7423,4.52795,15.9,250,240,21.3,Bed Boundary
2054.86,38.20538,244.8565,6.64212,17.2,254,240,21.3,Bed Boundary
2055.36,39.34448,243.1219,4.90759,18.2,250,240,21.3,Bed Boundary
2055.871,42.58408,250.8163,12.60199,22.2,263,240,21.3,Bed Boundary
2056.371,42.91433,252.6614,14.44708,22.8,266,240,21.3,Bed Boundary
2056.869,42.72542,253.26,15.02826,22.8,267,240,21.2,Bed Boundary
2057.37,42.33263,254.8815,16.64978,22.7,270,240,21.2,Bed Boundary
2057.88,14.52061,261.2459,23.01413,9.6,24,240,21.2,Bed Boundary
2058.38,37.39598,259.7904,21.55869,19.1,283,240,21.2,Bed Boundary
2058.881,37.03075,259.5207,21.28894,18.7,283,240,21.2,Bed Boundary
2059.389,37.81137,257.7557,19.52396,19,279,240,21.2,Bed Boundary
2059.889,37.39598,259.7904,21.55869,19.1,283,240,21.2,Bed Boundary
2060.4,37.99909,270.0443,31.8125,22.5,298,240,21.2,Bed Boundary
2060.9,38.34853,256.3848,18.15305,19.2,276,240,21.2,Bed Boundary
2061.4,43.0713,248.8057,10.55667,22.6,259,240,21.1,Bed Boundary
2061.911,41.835,251.8588,13.60971,21.8,265,240,21.1,Bed Boundary
2062.409,41.91805,251.3165,13.06747,21.8,264,240,21.1,Bed Boundary
2062.909,41.82049,251.2837,13.03461,21.7,264,240,21.1,Bed Boundary
2063.41,41.45723,252.2934,14.04428,21.5,266,240,21.1,Bed Boundary
2063.92,42.08643,248.5497,10.30063,21.6,259,240,21.1,Bed Boundary
2064.421,46.02341,252.5947,14.34564,26,264,240,21.1,Bed Boundary
2064.921,46.01271,251.9711,13.72202,25.9,263,240,21.1,Bed Boundary
2065.429,42.46607,250.3505,12.10147,22.2,262,240,21.1,Bed Boundary
2065.929,36.79858,238.7208,0.45453,15.8,241,240,21,Bed Boundary
2066.43,39.6,238.2663,0,18.6,240,240,21,Bed Boundary
2066.93,33.70899,226.2391,347.9728,13.8,211,240,21,Bed Boundary
2067.441,33.15656,240.581,2.3147,12.2,246,240,21,Bed Boundary
2067.941,33.87656,261.739,23.47272,16.6,291,240,21,Bed Boundary
2068.439,30.45866,299.0649,60.79865,26.7,340,240,21,Bed Boundary
2068.949,41.71721,259.0485,20.78223,23.1,277,240,21,Bed Boundary
2069.45,41.69044,266.9225,28.65625,25,289,240,21,Bed Boundary
2069.95,45.15384,275.3066,37.02322,30.6,297,240,20.9,Bed Boundary
2070.461,25.05708,271.4353,33.15186,13.4,328,240,20.9,Bed Boundary
2070.961,30.00673,250.6512,12.36783,10.5,276,240,20.9,Bed Boundary
2071.469,34.78137,254.977,16.69354,15.8,277,240,20.9,Bed Boundary
2071.969,35.99351,251.6707,13.3873,16.3,269,240,20.9,Bed Boundary
2072.47,36.86325,252.6338,14.35037,17.3,270,240,20.9,Bed Boundary
2072.98,39.20881,251.1307,12.83029,19.4,265,240,20.8,Bed Boundary
2073.481,46.09816,238.8935,0.59311,25.3,241,240,20.8,Bed Boundary
2073.981,45.29819,238.8839,0.5834,24.5,241,240,20.8,Bed Boundary
2074.479,43.39465,247.9118,9.61142,23.1,257,240,20.8,Bed Boundary
2074.99,45.98182,250.919,12.61853,26,261,240,20.8,Bed Boundary
2075.49,44.35421,249.366,11.04868,24.3,259,240,20.7,Bed Boundary
2075.99,41.55893,249.7879,11.47049,21.6,261,240,20.7,Bed Boundary
2076.501,39.04007,249.5393,11.22195,19.1,262,240,20.7,Bed Boundary
2077.001,37.60831,252.2372,13.90298,18.2,268,240,20.6,Bed Boundary
2077.499,37.62791,253.8602,15.52597,18.5,271,240,20.6,Bed Boundary
2078,47.42213,264.977,26.62607,30.2,281,240,20.5,Bed Boundary
2078.51,47.67255,264.3693,26.01834,30.3,280,240,20.5,Bed Boundary
2079.01,49.46638,264.0618,24.6619,31.8,278,241,20.4,Bed Boundary
2080.021,38.37768,253.8895,14.47336,19.3,269,241,20.3,Bed Boundary
2080.519,32.16203,255.9317,16.49939,13.9,280,241,20.2,Bed Boundary
2081.02,30.81696,260.8043,21.37201,13.9,292,241,20.2,Bed Boundary
2081.52,31.60814,269.2371,29.80475,17,304,241,20.2,Bed Boundary
2082.531,42.08492,237.7721,358.3238,22,238,241,20.1,Bed Boundary
2083.031,35.92447,232.8825,353.4341,16.1,227,241,20.1,Bed Boundary
2083.539,35.98057,260.0873,20.63892,18.4,282,241,20.1,Bed Boundary
2084.04,34.64006,257.9994,18.55103,16.7,280,241,20.1,Bed Boundary
2084.54,35.05903,255.5961,16.14774,16.6,275,241,20.1,Bed Boundary
2085.04,37.2209,248.3345,8.88608,17.6,259,241,20.1,Bed Boundary
2085.551,34.5947,240.3521,0.88779,14.6,243,241,20,Bed Boundary
2086.051,39.44307,234.2036,354.7393,19.6,231,241,20,Bed Boundary
2086.549,37.22218,247.3838,7.91943,17.6,257,241,20,Bed Boundary
2087.06,37.22218,247.3838,7.91943,17.6,257,241,20,Bed Boundary
2087.56,35.94117,248.0128,8.54846,16.4,259,241,20,Bed Boundary
2088.06,37.10796,253.0576,13.59329,18.2,268,241,20,Bed Boundary
2088.571,37.11359,250.9446,11.48022,17.9,264,241,20,Bed Boundary
2089.071,35.29286,252.8235,13.34326,16.5,269,241,19.9,Bed Boundary
2089.569,35.89519,254.1709,14.6907,17.3,271,241,19.9,Bed Boundary
2090.07,34.14193,245.7337,6.2377,14.6,255,241,19.8,Bed Boundary
2090.58,33.9347,250.2939,10.79791,14.9,265,241,19.8,Bed Boundary
2091.08,35.21169,253.3949,13.8989,16.6,270,241,19.8,Bed Boundary
2091.581,37.90291,254.7855,15.27377,19.5,270,241,19.7,Bed Boundary
2092.091,38.29357,255.531,16.01926,20,271,241,19.7,Bed Boundary
2092.589,39.352,256.5932,17.08151,21.2,272,241,19.7,Bed Boundary
2093.09,40.31456,257.0164,17.5047,22.2,272,241,19.7,Bed Boundary
2093.59,40.94639,253.074,13.56229,22.2,265,241,19.7,Bed Boundary
2094.1,40.76814,253.6044,14.09265,22.1,266,241,19.7,Bed Boundary
2094.601,35.95372,258.8404,19.3287,18.4,279,241,19.7,Bed Boundary
2095.101,37.40165,261.977,21.43323,20.2,282,242,19.7,Bed Boundary
2095.609,38.65015,262.1149,21.57114,21.4,281,242,19.7,Bed Boundary
2096.11,38.1802,260.8081,21.29639,20.9,280,241,19.7,Bed Boundary
2096.61,40.62491,260.2551,20.74338,23.1,277,241,19.7,Bed Boundary
2097.11,53.8109,255.7164,16.20471,35.2,264,241,19.7,Bed Boundary
2097.621,54.58438,254.4171,14.90543,35.8,262,241,19.7,Bed Boundary
2098.121,55.09375,255.9751,16.46341,36.5,264,241,19.7,Bed Boundary
2098.619,54.45245,253.98,13.43625,35.5,261,242,19.7,Bed Boundary
2099.13,54.18883,255.3761,14.83231,35.4,263,242,19.7,Bed Boundary
2099.63,51.38194,253.4451,12.90131,32.4,261,242,19.7,Bed Boundary
2100.13,51.97604,253.5521,13.0083,33,261,242,19.7,Bed Boundary
2100.641,54.47047,251.8305,11.28671,35.3,258,242,19.7,Bed Boundary
2101.139,37.6,240.5438,0,17.9,242,242,19.7,Bed Boundary
2102.14,17.13704,234.4627,353.9189,3.2,96,242,19.7,Bed Boundary
2103.15,52.814,259.4239,18.8801,34.6,269,242,19.7,Bed Boundary
2103.651,54.29734,259.0437,18.49991,36,268,242,19.7,Bed Boundary
2104.159,55.23225,261.499,20.9552,37.3,271,242,19.7,Bed Boundary
2104.659,52.9231,256.5644,16.02063,34.3,265,242,19.7,Bed Boundary
2105.16,31.1246,263.1289,22.58511,14.8,293,242,19.7,Bed Boundary
2106.671,55.42316,253.4586,12.89957,36.5,260,242,19.6,Bed Boundary
2107.169,55.34623,254.1753,13.61627,36.5,261,242,19.6,Bed Boundary
2107.679,55.46326,254.9259,14.36685,36.7,262,242,19.6,Bed Boundary
2108.18,55.76035,254.9764,14.41739,37,262,242,19.6,Bed Boundary
2109.691,51.20753,254.1582,13.59918,32.4,262,242,19.6,Bed Boundary
2110.189,51.25665,257.6757,17.11664,32.9,267,242,19.6,Bed Boundary
2111.2,9.29589,277.883,37.32397,13.4,37,242,19.6,Bed Boundary
2112.711,53.76503,272.7393,32.18027,38.2,286,242,19.6,Bed Boundary
2113.209,54.11018,258.3261,17.76703,35.8,267,242,19.6,Bed Boundary
2113.709,59.4,240.5742,0,39.9,242,242,19.5,Bed Boundary
2114.72,29.79895,240.934,0.3598,10.3,243,242,19.5,Bed Boundary
2115.22,45.16043,262.8155,22.24127,27.9,277,242,19.5,Bed Boundary
2116.229,45.27193,258.8131,18.23889,27.3,271,242,19.5,Bed Boundary
2116.729,46.19263,253.8298,13.25562,27.5,263,242,19.5,Bed Boundary
2117.23,53.23489,262.609,22.03473,35.7,273,242,19.5,Bed Boundary
2117.73,53.16258,261.8456,21.27133,35.5,272,242,19.5,Bed Boundary
2118.241,53.20091,260.3778,19.80353,35.3,270,242,19.5,Bed Boundary
2118.741,53.6913,260.4992,19.92496,35.8,270,242,19.5,Bed Boundary
2119.239,48.48106,255.0763,14.48694,30,264,242,19.4,Bed Boundary
2119.749,51.29803,241.2665,0.67712,31.9,243,242,19.4,Bed Boundary
2120.25,29.23637,246.2691,5.67978,10.1,258,242,19.4,Bed Boundary
2120.75,34.55415,248.0515,7.46213,15.5,258,242,19.4,Bed Boundary
2121.261,46.59732,261.4488,20.84439,29.2,274,242,19.3,Bed Boundary
2121.761,45.85193,259.8297,19.22534,28.2,272,242,19.3,Bed Boundary
2122.259,48.62819,248.4699,7.86554,29.6,254,242,19.3,Bed Boundary
2122.759,48.48471,255.1948,14.57553,30.2,264,242,19.2,Bed Boundary
2123.27,48.3321,249.7956,9.1763,29.5,256,242,19.2,Bed Boundary
2123.77,48.95147,251.8989,11.27954,30.3,259,242,19.2,Bed Boundary
2124.271,50.24502,254.8798,14.26047,31.9,263,242,19.2,Bed Boundary
2124.781,50.81881,254.2948,13.67551,32.4,262,242,19.2,Bed Boundary
2125.279,52.28152,253.8551,13.23575,33.8,261,242,19.2,Bed Boundary
2125.779,43.07281,238.2531,357.619,24,238,242,19.1,Bed Boundary
2126.28,37.22156,246.3184,5.6842,18.3,253,242,19.1,Bed Boundary
2126.79,35.95842,235.6741,355.0399,17,232,242,19.1,Bed Boundary
2127.301,33.76933,236.057,355.4229,14.8,232,242,19.1,Bed Boundary
2127.801,42.82692,255.7499,15.11578,24.8,267,242,19.1,Bed Boundary
2128.299,45.5,240.6342,0,26.4,242,242,19.1,Bed Boundary
2128.799,47.23994,256.9956,16.36145,29.3,267,242,19.1,Bed Boundary
2129.31,36.71464,247.7789,7.14478,17.9,256,242,19.1,Bed Boundary
2129.81,36.76078,258.1388,17.50461,19.3,275,242,19.1,Bed Boundary
2130.311,27.25303,268.6209,27.98679,13.5,309,242,19.1,Bed Boundary
2130.821,25.37304,269.0356,28.38666,12.3,315,242,19,Bed Boundary
2132.32,48.3078,257.049,15.35422,30.4,266,243,18.9,Bed Boundary
2132.83,49.55896,255.9375,14.24268,31.5,264,243,18.9,Bed Boundary
2133.331,51.09772,254.8293,13.13446,32.9,262,243,18.9,Bed Boundary
2133.831,51.86367,254.2521,12.55731,33.6,261,243,18.9,Bed Boundary
2134.339,43.54914,263.8356,22.12659,26.9,278,243,18.8,Bed Boundary
2134.84,44.10527,261.3401,19.63104,27,274,243,18.8,Bed Boundary
2135.34,43.54914,263.8356,22.12659,26.9,278,243,18.8,Bed Boundary
2135.84,46.0479,266.9418,25.23276,29.9,281,243,18.8,Bed Boundary
2136.351,42.6017,271.7324,30.03757,27.6,290,243,18.9,Bed Boundary
2136.851,42.41351,269.468,27.77319,26.9,287,243,18.9,Bed Boundary
2137.349,41.31786,265.45,23.75516,25,282,243,18.9,Bed Boundary
2138.36,30.79659,356.4834,114.7886,42,19,243,18.9,Bed Boundary
2139.871,43.01184,262.2731,20.56406,26.1,276,243,18.8,Bed Boundary
2140.369,42.65754,264.1429,22.4339,26.1,279,243,18.8,Bed Boundary
2140.869,29.99101,257.1791,15.47006,12.8,280,243,18.8,Bed Boundary
2141.88,38.37999,287.1926,45.46942,28.1,313,243,18.7,Bed Boundary
2142.381,18.21656,304.3819,62.64462,18.9,4,243,18.6,Bed Boundary
2142.889,21.41134,266.021,24.28372,8.7,326,243,18.6,Bed Boundary
2143.389,43.42536,281.2007,39.44937,31,301,243,18.5,Bed Boundary
2143.89,44.74896,280.3628,38.61151,32,299,243,18.5,Bed Boundary
2144.39,42.80993,276.0802,34.32889,29.1,295,243,18.5,Bed Boundary
2144.9,44.79388,252.5349,10.78366,26.8,260,243,18.5,Bed Boundary
2145.401,42.61802,245.9824,4.23114,24.2,250,243,18.5,Bed Boundary
2145.899,38.45168,256.3844,14.63312,21,269,243,18.5,Bed Boundary
2146.91,39.59844,242.316,0.56476,21.1,244,243,18.5,Bed Boundary
2147.41,49.45981,280.3328,38.58148,36.4,296,243,18.5,Bed Boundary
2147.92,18.91897,279.438,37.68668,11.9,349,243,18.5,Bed Boundary
2148.421,14.52817,222.5511,340.7999,6.7,108,243,18.5,Bed Boundary
2149.93,16.52218,57.73897,175.9738,34.9,61,243,18.4,Bed Boundary
2152.439,44.50656,261.8047,20.03949,27.8,274,243,18.4,Bed Boundary
2152.939,47.94139,261.4767,19.71155,31.1,272,243,18.4,Bed Boundary
2153.45,47.95098,260.0636,18.29846,30.9,270,243,18.4,Bed Boundary
2153.95,45.30341,264.8705,23.10535,29.1,278,243,18.4,Bed Boundary
2154.451,49.78852,254.1474,12.38217,32,261,243,18.4,Bed Boundary
2156.46,44.84034,268.3624,26.58337,29.4,283,243,18.3,Bed Boundary
2160.491,39.94284,266.8649,25.07214,24.5,284,243,18.2,Bed Boundary
2160.989,43.3358,262.2407,20.44794,26.9,275,243,18.2,Bed Boundary
2161.489,43.2586,267.0622,25.26944,27.7,282,243,18.2,Bed Boundary
2162,42.07318,267.23,25.43723,26.6,283,243,18.2,Bed Boundary
2162.5,21.24675,196.1677,314.375,15.3,142,243,18.2,Bed Boundary
2163,36.32973,245.4766,3.68381,18.2,250,243,18.2,Bed Boundary
2163.511,36.70718,246.0876,4.28116,18.7,251,243,18.1,Bed Boundary
2166.021,9.45009,254.321,12.51465,9.1,50,243,18.1,Bed Boundary
2166.521,11.89257,254.6055,12.79913,7,41,243,18.1,Bed Boundary
2167.029,54.41533,250.574,8.76758,36.6,255,243,18.1,Bed Boundary
2167.529,50.47193,249.4657,7.6593,32.6,254,243,18.1,Bed Boundary
2168.03,48.58252,247.2273,5.4209,30.6,251,243,18.1,Bed Boundary
2168.53,49.33324,245.9119,4.10553,31.3,249,243,18.1,Bed Boundary
2170.039,18.51527,22.32971,140.5098,34.3,42,243,18,Bed Boundary
2170.549,17.55553,25.15594,143.3225,33.6,44,243,17.9,Bed Boundary
2171.56,31.80406,264.5251,22.67828,16.7,288,243,17.8,Bed Boundary
2172.061,35.86062,279.0667,37.21979,23.9,304,243,17.8,Bed Boundary
2172.561,31.39923,276.8082,34.96136,19.4,307,243,17.8,Bed Boundary
2173.069,25.88495,271.0074,30.18829,13.6,311,242,17.8,Bed Boundary
2175.081,40.56471,271.7276,30.89484,26.7,290,242,17.7,Bed Boundary
2175.581,46.48835,257.7198,16.88702,29.9,267,242,17.7,Bed Boundary
2176.079,40.98656,265.5163,24.68347,25.8,281,242,17.7,Bed Boundary
2176.59,42.01892,268.1219,27.28918,27.3,284,242,17.7,Bed Boundary
2177.09,41.96556,270.2754,29.44263,27.7,287,242,17.7,Bed Boundary
2177.59,41.24671,279.0501,38.21735,29.1,299,242,17.7,Bed Boundary
2178.101,43.51333,265.915,25.08221,28.3,280,242,17.7,Bed Boundary
2178.601,38.18661,266.8165,25.98376,23.4,285,242,17.7,Bed Boundary
2179.099,37.17567,263.5864,22.7536,21.8,281,242,17.7,Bed Boundary
2179.599,37.24589,264.2765,23.44373,22,282,242,17.7,Bed Boundary
2180.11,36.89121,264.4555,22.59537,21.5,282,243,17.7,Bed Boundary
2180.61,37.38957,264.1951,22.32175,22,281,243,17.6,Bed Boundary
2181.111,37.12663,264.9844,24.13806,22.1,283,242,17.6,Bed Boundary
2181.621,37.10668,263.1301,22.27029,21.8,280,242,17.5,Bed Boundary
2182.119,37.22441,265.1603,24.30051,22.3,283,242,17.5,Bed Boundary
2182.63,35.50411,268.082,27.22223,21.3,289,242,17.5,Bed Boundary
2183.13,32.06738,272.9172,32.04404,19.4,300,242,17.4,Bed Boundary
2184.141,5.00464,230.9067,350.0336,12.5,66,242,17.4,Bed Boundary
2184.639,14.37033,233.1817,352.2953,3.6,94,242,17.3,Bed Boundary
2185.139,5.6324,216.2111,335.3247,12.4,73,242,17.3,Bed Boundary
2185.639,17.76143,227.0104,346.1107,4.2,153,242,17.2,Bed Boundary
2186.15,42.30866,253.0071,12.10751,25.7,261,242,17.2,Bed Boundary
2186.65,39.62146,256.1593,15.25964,23.4,267,242,17.2,Bed Boundary
2187.151,38.52102,256.2865,14.34818,22.3,267,243,17.1,Bed Boundary
2187.659,37.7826,257.279,15.34073,21.7,269,243,17.1,Bed Boundary
2188.159,36.28476,259.1488,17.21054,20.5,273,243,17.1,Bed Boundary
2188.66,21.9,61.95102,180,38.9,63,243,17,Bed Boundary
2189.16,24.3579,315.015,73.064,25,354,243,17,Bed Boundary
2190.669,19.36101,292.6856,51.75986,15.8,349,242,17,Bed Boundary
2191.179,22.00949,282.8391,41.91333,14.5,333,242,17,Bed Boundary
2191.68,6.68328,319.9157,78.98996,17,39,242,17,Bed Boundary
2192.18,18.077,103.6471,222.7214,32.6,85,242,17,Bed Boundary
2192.691,43.1008,248.0331,7.10736,26.3,253,242,17,Bed Boundary
2193.689,48.89284,239.5232,358.5975,31.9,240,242,17,Bed Boundary
2194.189,42.98145,258.0311,17.09238,27.2,268,242,16.9,Bed Boundary
2194.7,45.03381,257.881,16.94229,29.2,267,242,16.9,Bed Boundary
2195.7,45.20955,264.3631,23.42438,30.3,276,242,16.9,Bed Boundary
2196.211,37.63751,269.7022,28.75064,24.1,288,242,16.8,Bed Boundary
2196.709,34.36425,267.5919,26.64032,20.6,288,242,16.8,Bed Boundary
2197.209,35.24413,271.6837,30.73212,22.3,293,242,16.8,Bed Boundary
2197.71,35.39354,268.4308,27.46652,21.8,288,242,16.7,Bed Boundary
2198.22,36.99942,275.2885,34.32422,24.8,296,242,16.7,Bed Boundary
2198.72,36.35462,274.8324,33.86804,24.1,296,242,16.7,Bed Boundary
2199.221,36.11502,273.1801,32.21573,23.5,294,242,16.7,Bed Boundary
2199.729,35.13361,273.1937,32.22937,22.6,295,242,16.7,Bed Boundary
2200.229,31.76617,274.8169,33.83987,20,301,242,16.6,Bed Boundary
2200.73,31.25378,275.0281,34.05112,19.6,302,242,16.6,Bed Boundary
2201.23,32.41448,269.7646,28.7876,19.4,293,242,16.6,Bed Boundary
2201.74,32.72408,268.0003,27.02325,19.3,290,242,16.6,Bed Boundary
2202.241,28.30253,275.1759,34.19885,17.1,307,242,16.6,Bed Boundary
2202.739,28.8844,275.2139,34.23691,17.6,306,242,16.6,Bed Boundary
2203.249,27.77306,279.8298,38.85278,17.9,314,242,16.6,Bed Boundary
2203.75,27.81325,281.5408,40.56375,18.4,316,242,16.6,Bed Boundary
2204.26,26.27819,279.8024,38.82535,16.7,317,242,16.6,Bed Boundary
2204.761,25.78212,272.7337,31.75671,14.4,309,242,16.6,Bed Boundary
2205.261,27.31643,267.6741,26.69705,14.4,298,242,16.6,Bed Boundary
2205.769,29.16445,272.6796,31.70261,17.2,302,242,16.6,Bed Boundary
2206.269,19.69848,255.6533,14.67627,5.5,305,242,16.6,Bed Boundary
2207.27,42.34828,190.3683,309.3787,33.9,173,242,16.5,Bed Boundary
2211.799,26.43704,250.2022,8.0932,11.1,262,243,15.7,Bed Boundary
2212.81,30.9328,274.5013,32.3923,19.4,299,243,15.7,Bed Boundary
2213.31,23.23812,268.8672,26.75818,11.5,306,243,15.7,Bed Boundary
2213.811,20.77724,265.0349,22.92587,8.7,309,243,15.7,Bed Boundary
2214.321,19.25784,260.3825,18.27353,6.5,309,243,15.7,Bed Boundary
2214.819,16.34943,266.0674,23.9584,6.6,339,243,15.7,Bed Boundary
2216.341,23.60827,90.59824,208.5009,38.2,81,243,15.8,Bed Boundary
2216.841,15.28485,261.3838,19.29816,5.2,349,243,15.9,Bed Boundary
2218.85,17.01776,58.37187,176.2863,32.9,61,243,15.9,Bed Boundary
2219.361,17.86927,68.30979,187.2463,33.7,66,242,15.9,Bed Boundary
2221.37,8.12948,14.65258,132.567,22.2,47,243,15.9,Bed Boundary
2221.87,7.64616,5.76148,123.6641,21,45,243,15.8,Bed Boundary
2222.37,5.11226,319.6243,77.52698,15.5,44,243,15.8,Bed Boundary
2222.881,5.08884,311.7489,69.65155,14.8,44,243,15.8,Bed Boundary
2223.379,6.0563,276.4502,35.37469,11.4,44,242,15.8,Bed Boundary
2223.879,20.20404,296.1756,55.1001,16.9,345,242,15.8,Bed Boundary
2224.38,6.02277,271.1589,30.08337,11,46,242,15.8,Bed Boundary
2224.89,21.194,272.7668,31.70328,11.2,320,242,15.9,Bed Boundary
2230.079,13.12565,263.7041,22.6286,6.2,8,242,15.8,Bed Boundary
2230.59,12.65188,268.2789,27.20343,7.3,10,242,15.8,Bed Boundary
2231.09,13.01855,242.3744,1.29886,2.8,56,242,15.8,Bed Boundary
2232.091,20.33395,243.5995,2.52399,4.6,253,242,15.8,Bed Boundary
2232.599,15.01765,252.3856,11.31006,3.1,352,242,15.8,Bed Boundary
2233.099,14.56261,251.1109,10.0354,2.9,2,242,15.8,Bed Boundary
2233.6,11.30095,240.6752,359.5996,4.5,63,242,15.8,Bed Boundary
2234.11,11.55696,238.0899,357.0143,4.3,70,242,15.8,Bed Boundary
2234.611,10.28042,205.4839,324.4084,9.5,101,242,15.8,Bed Boundary
2235.111,10.89952,259.279,18.20349,6.4,30,242,15.8,Bed Boundary
2236.62,11.20392,240.2502,359.1746,4.6,64,242,15.8,Bed Boundary
2237.12,11.60087,240.7113,359.6358,4.2,63,242,15.8,Bed Boundary
2237.631,12.00303,240.4383,359.3628,3.8,64,242,15.8,Bed Boundary
2238.129,11.4174,247.0945,6.01892,4.6,47,242,15.8,Bed Boundary
2240.651,18.65526,247.332,6.25647,3.4,278,242,15.8,Bed Boundary
2241.149,16.86934,228.0779,347.0023,3.8,162,242,15.8,Bed Boundary
2241.649,15.03969,231.318,350.2425,2.7,131,242,15.8,Bed Boundary
2242.149,7.31105,238.7523,357.6768,8.5,64,242,15.8,Bed Boundary
2242.66,17.38157,238.0619,356.9864,1.8,212,242,15.8,Bed Boundary
2243.16,18.24463,215.8853,334.8098,7.7,158,242,15.8,Bed Boundary
2245.67,16.29971,241.0134,359.9378,0.5,240,242,15.8,Bed Boundary
2246.681,16.63377,213.7799,332.7043,7.6,145,242,15.8,Bed Boundary
2248.23,18.07517,242.2349,1.15942,2.3,251,242,15.8,Bed Boundary
2250.199,9.81312,239.2361,358.1606,6,65,242,15.8,Bed Boundary
2250.699,15.57209,246.9356,5.86008,1.6,343,242,15.8,Bed Boundary
2251.21,15.67694,245.4772,4.40173,1.2,340,242,15.8,Bed Boundary
2252.21,18.25531,246.9794,5.90393,3,280,242,15.8,Bed Boundary
